lang,group,file,char_level,wer_original,wer_coded,delta,relative
vi_vn,tone,10057024225045006889.wav,0,0.0,0.043478260869565216,0.043478260869565216,nan
vi_vn,tone,10072308967409148015.wav,0,0.1875,0.875,0.6875,3.6666666666666665
vi_vn,tone,10078277432407694754.wav,0,0.08,0.0,-0.08,-1.0
vi_vn,tone,10093159547857080890.wav,0,0.0,0.0,0.0,nan
vi_vn,tone,1015279164912843543.wav,0,0.0,0.05405405405405406,0.05405405405405406,nan
vi_vn,tone,1015563747297542961.wav,0,0.125,0.2916666666666667,0.16666666666666669,1.3333333333333335
vi_vn,tone,10169179696365895477.wav,0,0.057692307692307696,0.15384615384615385,0.09615384615384616,1.6666666666666667
vi_vn,tone,10185666587391780903.wav,0,0.0,0.043478260869565216,0.043478260869565216,nan
vi_vn,tone,10188670312101823236.wav,0,0.21428571428571427,0.42857142857142855,0.21428571428571427,1.0
vi_vn,tone,1020360004532126324.wav,0,0.13953488372093023,0.11627906976744186,-0.023255813953488372,-0.16666666666666666
vi_vn,tone,10205789067921017036.wav,0,0.07407407407407407,0.14814814814814814,0.07407407407407407,1.0
vi_vn,tone,10241630228065064831.wav,0,0.03571428571428571,0.07142857142857142,0.03571428571428571,1.0
vi_vn,tone,10259306006333604242.wav,0,0.043478260869565216,0.34782608695652173,0.30434782608695654,7.000000000000001
vi_vn,tone,10259532564282505455.wav,0,0.038461538461538464,0.038461538461538464,0.0,0.0
vi_vn,tone,10315066330134186872.wav,0,0.0,0.0,0.0,nan
vi_vn,tone,10342739006640083455.wav,0,0.0,0.034482758620689655,0.034482758620689655,nan
vi_vn,tone,10348723993292846786.wav,0,0.058823529411764705,1.0,0.9411764705882353,16.0
vi_vn,tone,103677662251086347.wav,0,0.034482758620689655,0.0,-0.034482758620689655,-1.0
vi_vn,tone,1036876241637854415.wav,0,0.05128205128205128,0.9743589743589743,0.923076923076923,18.0
vi_vn,tone,10402105561395439139.wav,0,0.18181818181818182,0.24242424242424243,0.06060606060606061,0.3333333333333333
vi_vn,tone,10449380600207928518.wav,0,0.11904761904761904,0.16666666666666666,0.047619047619047616,0.4
vi_vn,tone,10453290072265880595.wav,0,0.05,0.375,0.325,6.5
vi_vn,tone,10458632275226443935.wav,0,0.0,1.0,1.0,nan
vi_vn,tone,10473837320520117918.wav,0,0.16666666666666666,0.20833333333333334,0.041666666666666685,0.2500000000000001
vi_vn,tone,10531082783264670622.wav,0,0.14285714285714285,0.10714285714285714,-0.03571428571428571,-0.25
th_th,tone,10021525843523202225.wav,1,0.232,0.176,-0.05600000000000002,-0.24137931034482768
th_th,tone,10026868752543983818.wav,1,0.013333333333333334,0.02666666666666667,0.013333333333333334,1.0
th_th,tone,10039458165040799931.wav,1,0.12666666666666668,0.17333333333333334,0.04666666666666666,0.36842105263157887
th_th,tone,1007571455564489221.wav,1,0.07432432432432433,0.0472972972972973,-0.02702702702702703,-0.36363636363636365
th_th,tone,10084130310330574566.wav,1,0.09090909090909091,0.11363636363636363,0.02272727272727272,0.24999999999999992
th_th,tone,10101128707722413083.wav,1,0.013157894736842105,0.4473684210526316,0.4342105263157895,33.0
th_th,tone,10105312761033339989.wav,1,0.23300970873786409,0.33980582524271846,0.10679611650485438,0.45833333333333337
th_th,tone,1015499225257626992.wav,1,0.05660377358490566,0.11320754716981132,0.05660377358490566,1.0
th_th,tone,10169675868821705996.wav,1,0.02586206896551724,0.02586206896551724,0.0,0.0
th_th,tone,1019167928630402440.wav,1,0.024844720496894408,0.055900621118012424,0.031055900621118016,1.2500000000000002
th_th,tone,1019248392636387261.wav,1,0.0915032679738562,0.45751633986928103,0.3660130718954248,4.0
th_th,tone,10216551269307861857.wav,1,0.09166666666666666,0.19166666666666668,0.10000000000000002,1.0909090909090913
th_th,tone,10219732965302371541.wav,1,0.1171875,0.15625,0.0390625,0.3333333333333333
th_th,tone,10223156761300860880.wav,1,0.0784313725490196,0.3137254901960784,0.23529411764705882,3.0
th_th,tone,10233948161307563280.wav,1,0.03333333333333333,0.1,0.06666666666666668,2.0000000000000004
th_th,tone,10237649933703760482.wav,1,0.03225806451612903,0.03225806451612903,0.0,0.0
th_th,tone,10238045899288506400.wav,1,0.057971014492753624,0.463768115942029,0.4057971014492754,7.0
th_th,tone,10248360673750680732.wav,1,0.03787878787878788,0.24242424242424243,0.20454545454545456,5.4
th_th,tone,10254386637478850663.wav,1,0.10317460317460317,0.15079365079365079,0.047619047619047616,0.46153846153846156
th_th,tone,1026328125434336525.wav,1,0.0,0.359375,0.359375,nan
th_th,tone,10281471544454650617.wav,1,0.19298245614035087,0.14912280701754385,-0.043859649122807015,-0.22727272727272727
th_th,tone,10281772796474355231.wav,1,0.08333333333333333,0.09523809523809523,0.011904761904761904,0.14285714285714285
th_th,tone,10282461223805481506.wav,1,0.3898305084745763,0.4830508474576271,0.09322033898305082,0.23913043478260862
th_th,tone,10298102842969090649.wav,1,1.0206185567010309,0.845360824742268,-0.17525773195876282,-0.17171717171717166
th_th,tone,1032427344821915583.wav,1,0.2119205298013245,0.36423841059602646,0.15231788079470196,0.7187499999999999
yue_hant_hk,tone,10006915745726529860.wav,1,0.5102040816326531,0.46938775510204084,-0.040816326530612235,-0.07999999999999997
yue_hant_hk,tone,1003282807420591297.wav,1,0.5346534653465347,0.5544554455445545,0.01980198019801982,0.03703703703703707
yue_hant_hk,tone,10115432746173245930.wav,1,0.5272727272727272,0.5454545454545454,0.018181818181818188,0.03448275862068967
yue_hant_hk,tone,10123879626346052468.wav,1,0.7560975609756098,0.7073170731707317,-0.04878048780487809,-0.06451612903225812
yue_hant_hk,tone,10124045044575977258.wav,1,0.5230769230769231,0.5076923076923077,-0.015384615384615441,-0.02941176470588246
yue_hant_hk,tone,10163731863724677756.wav,1,0.5531914893617021,0.574468085106383,0.021276595744680882,0.03846153846153851
yue_hant_hk,tone,10165854033091765666.wav,1,0.4888888888888889,0.6888888888888889,0.2,0.4090909090909091
yue_hant_hk,tone,10194685291289583261.wav,1,0.496,0.552,0.05600000000000005,0.11290322580645172
yue_hant_hk,tone,10204212130682298746.wav,1,0.6101694915254238,0.5423728813559322,-0.06779661016949157,-0.11111111111111117
yue_hant_hk,tone,1023881369744285907.wav,1,0.5846153846153846,0.5846153846153846,0.0,0.0
yue_hant_hk,tone,10245144904171409267.wav,1,0.4576271186440678,0.6271186440677966,0.1694915254237288,0.37037037037037035
yue_hant_hk,tone,10267831357374546510.wav,1,0.5061728395061729,0.8148148148148148,0.3086419753086419,0.6097560975609755
yue_hant_hk,tone,10272142374484731068.wav,1,0.5362318840579711,0.7101449275362319,0.17391304347826086,0.3243243243243243
yue_hant_hk,tone,10290330502468725083.wav,1,0.576271186440678,0.576271186440678,0.0,0.0
yue_hant_hk,tone,10295916416848496368.wav,1,0.6296296296296297,0.6481481481481481,0.01851851851851849,0.029411764705882307
yue_hant_hk,tone,10311047307549015770.wav,1,0.5360824742268041,0.4948453608247423,-0.04123711340206182,-0.07692307692307686
yue_hant_hk,tone,10355037012986784156.wav,1,0.9206349206349206,0.9206349206349206,0.0,0.0
yue_hant_hk,tone,10369938180946786889.wav,1,0.5161290322580645,0.5161290322580645,0.0,0.0
yue_hant_hk,tone,10372767518753465093.wav,1,0.5510204081632653,0.5714285714285714,0.020408163265306145,0.037037037037037084
yue_hant_hk,tone,10420293471186542716.wav,1,0.46938775510204084,0.46938775510204084,0.0,0.0
yue_hant_hk,tone,10431920045158933966.wav,1,0.4810126582278481,0.4810126582278481,0.0,0.0
yue_hant_hk,tone,10435128854326771128.wav,1,0.45454545454545453,0.4393939393939394,-0.015151515151515138,-0.033333333333333305
yue_hant_hk,tone,10454356997801808162.wav,1,0.5068493150684932,0.5342465753424658,0.0273972602739726,0.05405405405405405
yue_hant_hk,tone,10458224867818168950.wav,1,0.5538461538461539,0.6,0.0461538461538461,0.08333333333333323
yue_hant_hk,tone,10468050702869876303.wav,1,0.56,0.6,0.039999999999999925,0.07142857142857129
cmn_hans_cn,tone,10026684690566417990.wav,1,0.4444444444444444,0.4888888888888889,0.04444444444444445,0.10000000000000002
cmn_hans_cn,tone,10040380210557600780.wav,1,0.4634146341463415,0.5609756097560976,0.09756097560975613,0.21052631578947373
cmn_hans_cn,tone,10048525650290665384.wav,1,0.4090909090909091,0.4393939393939394,0.030303030303030276,0.074074074074074
cmn_hans_cn,tone,10053956375630517392.wav,1,0.5031847133757962,0.5031847133757962,0.0,0.0
cmn_hans_cn,tone,10056338555786085046.wav,1,0.47540983606557374,0.47540983606557374,0.0,0.0
cmn_hans_cn,tone,10073099671796350432.wav,1,0.47368421052631576,0.5263157894736842,0.05263157894736842,0.1111111111111111
cmn_hans_cn,tone,10081186303620187437.wav,1,0.43103448275862066,0.46551724137931033,0.03448275862068967,0.08000000000000003
cmn_hans_cn,tone,10104380129516909856.wav,1,0.5555555555555556,0.5666666666666667,0.011111111111111072,0.019999999999999928
cmn_hans_cn,tone,10112798408996336578.wav,1,0.5423728813559322,0.5932203389830508,0.05084745762711862,0.09374999999999996
cmn_hans_cn,tone,10134195680525011353.wav,1,0.49122807017543857,0.5614035087719298,0.07017543859649122,0.14285714285714285
cmn_hans_cn,tone,10142207404499844309.wav,1,0.49333333333333335,0.49333333333333335,0.0,0.0
cmn_hans_cn,tone,10144930991730701959.wav,1,0.48484848484848486,0.48484848484848486,0.0,0.0
cmn_hans_cn,tone,10147383166642115307.wav,1,0.5818181818181818,0.5818181818181818,0.0,0.0
cmn_hans_cn,tone,10154699825088384418.wav,1,0.5142857142857142,0.5428571428571428,0.02857142857142858,0.05555555555555558
cmn_hans_cn,tone,1015891181557233386.wav,1,0.4897959183673469,0.5306122448979592,0.04081632653061229,0.08333333333333343
cmn_hans_cn,tone,1017060882143751441.wav,1,0.47368421052631576,0.5368421052631579,0.06315789473684214,0.13333333333333341
cmn_hans_cn,tone,10182944938509562796.wav,1,0.5076923076923077,0.6307692307692307,0.12307692307692308,0.24242424242424246
cmn_hans_cn,tone,10234433636571543908.wav,1,0.4810126582278481,0.5443037974683544,0.06329113924050633,0.13157894736842105
cmn_hans_cn,tone,10279011772105822622.wav,1,0.5409836065573771,0.5573770491803278,0.016393442622950727,0.03030303030303013
cmn_hans_cn,tone,10325486695909573217.wav,1,0.48717948717948717,0.48717948717948717,0.0,0.0
cmn_hans_cn,tone,10325559490685159122.wav,1,0.40816326530612246,0.4897959183673469,0.08163265306122447,0.19999999999999996
cmn_hans_cn,tone,10343405611041314630.wav,1,0.58,0.62,0.040000000000000036,0.06896551724137938
cmn_hans_cn,tone,10369927130798325266.wav,1,0.44,0.44,0.0,0.0
cmn_hans_cn,tone,10388181945260949729.wav,1,0.4883720930232558,0.4883720930232558,0.0,0.0
cmn_hans_cn,tone,10400579561005332584.wav,1,0.4909090909090909,0.4909090909090909,0.0,0.0
yo_ng,tone,10004614807418206077.wav,0,0.9534883720930233,1.0930232558139534,0.13953488372093015,0.14634146341463405
yo_ng,tone,10012525983487564904.wav,0,0.9090909090909091,1.0,0.09090909090909094,0.10000000000000003
yo_ng,tone,10038578617307429132.wav,0,0.9130434782608695,1.0,0.08695652173913049,0.0952380952380953
yo_ng,tone,10047155452005832869.wav,0,0.9230769230769231,0.9230769230769231,0.0,0.0
yo_ng,tone,10075732340372834797.wav,0,0.8709677419354839,0.8387096774193549,-0.032258064516129004,-0.03703703703703701
yo_ng,tone,10139658276118366380.wav,0,1.1379310344827587,0.9655172413793104,-0.1724137931034483,-0.15151515151515152
yo_ng,tone,1014970211285868104.wav,0,0.8461538461538461,0.9615384615384616,0.11538461538461542,0.1363636363636364
yo_ng,tone,10149713618211834484.wav,0,0.8076923076923077,0.7692307692307693,-0.038461538461538436,-0.04761904761904759
yo_ng,tone,10199418047564275517.wav,0,1.7777777777777777,1.7777777777777777,0.0,0.0
yo_ng,tone,10234795054815643489.wav,0,0.6875,0.75,0.0625,0.09090909090909091
yo_ng,tone,10303761282022018610.wav,0,0.9285714285714286,0.9285714285714286,0.0,0.0
yo_ng,tone,10347105456079071418.wav,0,1.0,0.9487179487179487,-0.05128205128205132,-0.05128205128205132
yo_ng,tone,10354219070800730285.wav,0,1.0810810810810811,0.918918918918919,-0.16216216216216217,-0.15
yo_ng,tone,10370968216531623982.wav,0,1.1578947368421053,1.0526315789473684,-0.10526315789473695,-0.090909090909091
yo_ng,tone,10379015920335788956.wav,0,1.0,1.2121212121212122,0.21212121212121215,0.21212121212121215
yo_ng,tone,10416675910211939177.wav,0,1.0416666666666667,0.8333333333333334,-0.20833333333333337,-0.2
yo_ng,tone,10480623418731541217.wav,0,1.1333333333333333,1.3333333333333333,0.19999999999999996,0.17647058823529407
yo_ng,tone,1050392290980008442.wav,0,0.9565217391304348,0.9565217391304348,0.0,0.0
yo_ng,tone,1051154324778723638.wav,0,1.173913043478261,1.0,-0.17391304347826098,-0.14814814814814822
yo_ng,tone,10527407284601401494.wav,0,0.9629629629629629,0.9629629629629629,0.0,0.0
yo_ng,tone,10537107798285990170.wav,0,0.875,0.875,0.0,0.0
yo_ng,tone,10596990762493183543.wav,0,0.8636363636363636,0.8636363636363636,0.0,0.0
yo_ng,tone,10676374552825725906.wav,0,1.0,1.0,0.0,0.0
yo_ng,tone,1067731832916580127.wav,0,1.0526315789473684,1.0,-0.05263157894736836,-0.04999999999999995
yo_ng,tone,10681623383851479093.wav,0,1.0,1.0,0.0,0.0
am_et,ejective,10003612465176046723.wav,0,1.0,1.0,0.0,0.0
am_et,ejective,10012704948933492755.wav,0,1.0,1.0,0.0,0.0
am_et,ejective,10045377790517390503.wav,0,1.0,1.0,0.0,0.0
am_et,ejective,10051106711687525410.wav,0,1.0,1.0,0.0,0.0
am_et,ejective,10088366290604436390.wav,0,1.0,1.0,0.0,0.0
am_et,ejective,10129440473619912057.wav,0,2.75,1.0,-1.75,-0.6363636363636364
am_et,ejective,10145345127432001964.wav,0,1.0,1.8823529411764706,0.8823529411764706,0.8823529411764706
am_et,ejective,10212564749152212122.wav,0,1.0,1.0,0.0,0.0
am_et,ejective,10220122342741781300.wav,0,2.1904761904761907,1.0,-1.1904761904761907,-0.5434782608695653
am_et,ejective,1023762135314771768.wav,0,1.0,1.4666666666666666,0.46666666666666656,0.46666666666666656
am_et,ejective,10240274328941460061.wav,0,1.0,1.0,0.0,0.0
am_et,ejective,10248511509370293669.wav,0,2.75,4.125,1.375,0.5
am_et,ejective,10262140668067491488.wav,0,1.0,1.0,0.0,0.0
am_et,ejective,10293963889444360150.wav,0,1.8333333333333333,1.0,-0.8333333333333333,-0.45454545454545453
am_et,ejective,10295133453139767268.wav,0,1.0,1.0,0.0,0.0
am_et,ejective,10356420688435605249.wav,0,1.0,1.0,0.0,0.0
am_et,ejective,10366541048673829831.wav,0,1.0,1.0,0.0,0.0
am_et,ejective,10372803738750784706.wav,0,1.0,1.0,0.0,0.0
am_et,ejective,10387948286478610097.wav,0,1.0,1.0,0.0,0.0
am_et,ejective,10390031479906056559.wav,0,1.0,2.0,1.0,1.0
am_et,ejective,10402937732197933579.wav,0,1.0,1.0,0.0,0.0
am_et,ejective,10406107872501557912.wav,0,1.5,1.5,0.0,0.0
am_et,ejective,10431813547519605439.wav,0,1.0,1.0,0.0,0.0
am_et,ejective,1046481794437753227.wav,0,1.0,1.0,0.0,0.0
am_et,ejective,1048838254901128228.wav,0,1.0,1.0,0.0,0.0
ka_ge,ejective,10022870819550332547.wav,0,0.875,1.0,0.125,0.14285714285714285
ka_ge,ejective,10049298347626572743.wav,0,0.9565217391304348,1.0,0.04347826086956519,0.04545454545454542
ka_ge,ejective,10049690027739027420.wav,0,0.8,0.8666666666666667,0.06666666666666665,0.08333333333333331
ka_ge,ejective,10057217115354444828.wav,0,0.7894736842105263,0.8947368421052632,0.10526315789473684,0.13333333333333333
ka_ge,ejective,10062143887841767445.wav,0,0.7857142857142857,0.8571428571428571,0.0714285714285714,0.09090909090909087
ka_ge,ejective,10074280544572435299.wav,0,0.38461538461538464,0.6923076923076923,0.30769230769230765,0.7999999999999998
ka_ge,ejective,10086793514196598344.wav,0,0.4444444444444444,1.2222222222222223,0.7777777777777779,1.7500000000000004
ka_ge,ejective,10099522782964815640.wav,0,0.8928571428571429,0.8928571428571429,0.0,0.0
ka_ge,ejective,10141718907493268196.wav,0,0.7777777777777778,0.8888888888888888,0.11111111111111105,0.14285714285714277
ka_ge,ejective,10149497495820348562.wav,0,0.8333333333333334,0.8333333333333334,0.0,0.0
ka_ge,ejective,10162098829910091796.wav,0,0.8333333333333334,1.0,0.16666666666666663,0.19999999999999996
ka_ge,ejective,10191190175117818177.wav,0,0.9166666666666666,1.0,0.08333333333333337,0.09090909090909095
ka_ge,ejective,10191859901311198027.wav,0,0.7368421052631579,0.7894736842105263,0.052631578947368474,0.07142857142857151
ka_ge,ejective,10280405335891226955.wav,0,0.7272727272727273,1.0,0.2727272727272727,0.37499999999999994
ka_ge,ejective,10286654056612928025.wav,0,0.8333333333333334,1.0,0.16666666666666663,0.19999999999999996
ka_ge,ejective,10304160118986283422.wav,0,1.0,1.0,0.0,0.0
ka_ge,ejective,1031137562236925386.wav,0,0.75,1.0,0.25,0.3333333333333333
ka_ge,ejective,10313838034202072982.wav,0,0.9354838709677419,1.0,0.06451612903225812,0.06896551724137936
ka_ge,ejective,10323065835453782557.wav,0,0.8,1.0,0.19999999999999996,0.24999999999999994
ka_ge,ejective,10328030181465842780.wav,0,0.8461538461538461,1.0,0.15384615384615385,0.18181818181818182
ka_ge,ejective,10349028373994382840.wav,0,0.8260869565217391,1.0,0.17391304347826086,0.21052631578947367
ka_ge,ejective,104039188855202939.wav,0,1.0,1.0,0.0,0.0
ka_ge,ejective,10418954109040148519.wav,0,0.7142857142857143,1.0,0.2857142857142857,0.39999999999999997
ka_ge,ejective,10424962819857189919.wav,0,0.7368421052631579,0.8947368421052632,0.1578947368421053,0.21428571428571436
ka_ge,ejective,10470571721564216711.wav,0,0.8333333333333334,0.9166666666666666,0.08333333333333326,0.09999999999999991
en_us,control,1003119935936341070.wav,0,0.05263157894736842,0.10526315789473684,0.05263157894736842,1.0
en_us,control,10052240106321793346.wav,0,0.09523809523809523,0.047619047619047616,-0.047619047619047616,-0.5
en_us,control,10167324587744183095.wav,0,0.030303030303030304,1.0,0.9696969696969697,32.0
en_us,control,10197164397713068203.wav,0,0.06666666666666667,1.0,0.9333333333333333,14.0
en_us,control,10233995782544396174.wav,0,0.0,1.0,1.0,nan
en_us,control,10235738076911595987.wav,0,0.0,0.0,0.0,nan
en_us,control,10323357556845456822.wav,0,0.0,0.25,0.25,nan
en_us,control,10335587906469246566.wav,0,0.0625,1.0,0.9375,15.0
en_us,control,10344335557154974057.wav,0,0.21739130434782608,0.2608695652173913,0.043478260869565216,0.2
en_us,control,1036771894648013441.wav,0,0.0,0.9393939393939394,0.9393939393939394,nan
en_us,control,1038214857203833067.wav,0,0.0,1.0,1.0,nan
en_us,control,10383288285905292158.wav,0,0.05263157894736842,0.7368421052631579,0.6842105263157894,12.999999999999998
en_us,control,10405958125670257178.wav,0,0.06896551724137931,0.9310344827586207,0.8620689655172413,12.5
en_us,control,10411016628242228511.wav,0,0.09090909090909091,0.18181818181818182,0.09090909090909091,1.0
en_us,control,1042003289011443756.wav,0,0.0,0.0,0.0,nan
en_us,control,1043394666292127188.wav,0,0.029411764705882353,0.11764705882352941,0.08823529411764705,2.9999999999999996
en_us,control,1045619486290403122.wav,0,0.0,0.0,0.0,nan
en_us,control,1046653381869710616.wav,0,0.10526315789473684,1.0,0.8947368421052632,8.5
en_us,control,10471564175308895403.wav,0,0.0,0.2,0.2,nan
en_us,control,10481451226514948764.wav,0,0.05555555555555555,0.7777777777777778,0.7222222222222222,13.0
en_us,control,10492135991603561867.wav,0,0.125,1.0,0.875,7.0
en_us,control,10492761258488775721.wav,0,0.043478260869565216,1.0,0.9565217391304348,22.0
en_us,control,10536763405165824117.wav,0,0.0,0.0,0.0,nan
en_us,control,1054805305879816018.wav,0,0.034482758620689655,0.9310344827586207,0.896551724137931,26.0
en_us,control,10550734868852131138.wav,0,0.2,0.2,0.0,0.0
fr_fr,control,10043298898524273336.wav,0,0.0,1.0,1.0,nan
fr_fr,control,10097171356371990207.wav,0,0.015873015873015872,0.0,-0.015873015873015872,-1.0
fr_fr,control,10138021779681596478.wav,0,0.07692307692307693,0.15384615384615385,0.07692307692307693,1.0
fr_fr,control,10143749263702132703.wav,0,0.2692307692307692,0.5,0.23076923076923078,0.8571428571428572
fr_fr,control,10166091086920486572.wav,0,0.15384615384615385,0.23076923076923078,0.07692307692307693,0.5
fr_fr,control,10174413140250646001.wav,0,0.16666666666666666,0.16666666666666666,0.0,0.0
fr_fr,control,10221277978969763776.wav,0,0.03571428571428571,0.03571428571428571,0.0,0.0
fr_fr,control,10334413597118469552.wav,0,0.28,0.28,0.0,0.0
fr_fr,control,10385751433252343757.wav,0,0.0,0.0,0.0,nan
fr_fr,control,10399459061919571703.wav,0,0.041666666666666664,0.6041666666666666,0.5625,13.5
fr_fr,control,10451502537136425109.wav,0,0.030303030303030304,0.18181818181818182,0.15151515151515152,5.0
fr_fr,control,10473501692975174389.wav,0,0.05714285714285714,0.05714285714285714,0.0,0.0
fr_fr,control,10481242713503018126.wav,0,0.058823529411764705,0.058823529411764705,0.0,0.0
fr_fr,control,10496509281839367149.wav,0,0.14285714285714285,0.2,0.05714285714285716,0.40000000000000013
fr_fr,control,10550408276028637262.wav,0,0.045454545454545456,0.09090909090909091,0.045454545454545456,1.0
fr_fr,control,10551999992203614767.wav,0,0.038461538461538464,0.038461538461538464,0.0,0.0
fr_fr,control,1057422269812878594.wav,0,0.028169014084507043,0.07042253521126761,0.04225352112676056,1.5
fr_fr,control,10583265778505453148.wav,0,0.041666666666666664,0.5416666666666666,0.49999999999999994,12.0
fr_fr,control,10603531439273760949.wav,0,0.03225806451612903,0.06451612903225806,0.03225806451612903,1.0
fr_fr,control,1063626966878784571.wav,0,0.0,0.0,0.0,nan
fr_fr,control,10677508033193966655.wav,0,0.0,0.14814814814814814,0.14814814814814814,nan
fr_fr,control,10703796668246155041.wav,0,0.0,0.3125,0.3125,nan
fr_fr,control,10709985934106699878.wav,0,0.09090909090909091,0.045454545454545456,-0.045454545454545456,-0.5
fr_fr,control,10777874021057022864.wav,0,0.0,0.0,0.0,nan
fr_fr,control,10876086819338968684.wav,0,0.07142857142857142,1.0,0.9285714285714286,13.000000000000002
de_de,control,10004059102127011984.wav,0,0.0,0.2222222222222222,0.2222222222222222,nan
de_de,control,10009182821551087671.wav,0,0.0,0.0,0.0,nan
de_de,control,10014044777125235464.wav,0,0.043478260869565216,0.17391304347826086,0.13043478260869565,3.0
de_de,control,10030056357041867775.wav,0,0.0,0.0,0.0,nan
de_de,control,10058186628567796965.wav,0,0.047619047619047616,0.0,-0.047619047619047616,-1.0
de_de,control,10058299886985225661.wav,0,0.0,0.1875,0.1875,nan
de_de,control,10095057775426831514.wav,0,0.058823529411764705,0.058823529411764705,0.0,0.0
de_de,control,10159541282515887574.wav,0,0.0,0.05555555555555555,0.05555555555555555,nan
de_de,control,10166547362714956625.wav,0,0.05263157894736842,0.05263157894736842,0.0,0.0
de_de,control,10171859810965764480.wav,0,0.13636363636363635,0.13636363636363635,0.0,0.0
de_de,control,10229344228128634115.wav,0,0.058823529411764705,0.058823529411764705,0.0,0.0
de_de,control,10240730312646485406.wav,0,0.0,0.0,0.0,nan
de_de,control,10243976286554101786.wav,0,0.0,0.0,0.0,nan
de_de,control,10271188615398617841.wav,0,0.0,0.03333333333333333,0.03333333333333333,nan
de_de,control,10287357790080034783.wav,0,0.0,0.1935483870967742,0.1935483870967742,nan
de_de,control,10308608197319017935.wav,0,0.0,0.0,0.0,nan
de_de,control,10320843719886214788.wav,0,0.0,0.0,0.0,nan
de_de,control,10342213717361642954.wav,0,0.0,0.0,0.0,nan
de_de,control,10347138311808731867.wav,0,0.0,0.05263157894736842,0.05263157894736842,nan
de_de,control,103625751236710165.wav,0,0.35714285714285715,0.42857142857142855,0.0714285714285714,0.1999999999999999
de_de,control,10365333717345563614.wav,0,0.0,0.0,0.0,nan
de_de,control,10371526464884803925.wav,0,0.16666666666666666,0.4166666666666667,0.25,1.5
de_de,control,10376367261184486277.wav,0,0.21818181818181817,0.2727272727272727,0.054545454545454536,0.24999999999999997
de_de,control,10389623687459114198.wav,0,0.06666666666666667,0.06666666666666667,0.0,0.0
de_de,control,10394143367436767913.wav,0,0.0,0.25,0.25,nan
es_419,control,1001146817223348054.wav,0,0.034482758620689655,0.034482758620689655,0.0,0.0
es_419,control,10050510856477907332.wav,0,0.0,0.0196078431372549,0.0196078431372549,nan
es_419,control,1008205615316519958.wav,0,0.0,0.0,0.0,nan
es_419,control,10084850086754329587.wav,0,0.0,0.0,0.0,nan
es_419,control,10107325335956726764.wav,0,0.07142857142857142,0.07142857142857142,0.0,0.0
es_419,control,1013662909103347734.wav,0,0.0,0.13043478260869565,0.13043478260869565,nan
es_419,control,10149016836336603986.wav,0,0.0,0.1111111111111111,0.1111111111111111,nan
es_419,control,10150624747569080019.wav,0,0.041666666666666664,0.08333333333333333,0.041666666666666664,1.0
es_419,control,10155332265364188477.wav,0,0.0,0.0,0.0,nan
es_419,control,10192388533260519980.wav,0,0.03333333333333333,0.06666666666666667,0.03333333333333333,1.0
es_419,control,10206659851013694932.wav,0,0.041666666666666664,0.041666666666666664,0.0,0.0
es_419,control,10234623649795772963.wav,0,0.0,0.03125,0.03125,nan
es_419,control,10236991702517253859.wav,0,0.0,0.0,0.0,nan
es_419,control,10259154172012782402.wav,0,0.043478260869565216,0.043478260869565216,0.0,0.0
es_419,control,10286137499198568147.wav,0,0.08,0.24,0.15999999999999998,1.9999999999999996
es_419,control,10292824205703786391.wav,0,0.0,0.0,0.0,nan
es_419,control,10312331453126623791.wav,0,0.0,0.047619047619047616,0.047619047619047616,nan
es_419,control,10315904723874737458.wav,0,0.0,0.0,0.0,nan
es_419,control,10326364514449199568.wav,0,0.0,0.0,0.0,nan
es_419,control,10333693975325005728.wav,0,0.0,0.0,0.0,nan
es_419,control,10354312288366679631.wav,0,0.0,0.0,0.0,nan
es_419,control,10366594263663833763.wav,0,0.0,0.0,0.0,nan
es_419,control,10390556751893819479.wav,0,0.0,0.0,0.0,nan
es_419,control,10392071693484834973.wav,0,0.0,0.0,0.0,nan
es_419,control,10449947816395303585.wav,0,0.0,0.0,0.0,nan
it_it,control,10000151032537989529.wav,0,0.0,0.125,0.125,nan
it_it,control,10011138801715101183.wav,0,0.0,0.0,0.0,nan
it_it,control,10017896147709177739.wav,0,0.041666666666666664,0.041666666666666664,0.0,0.0
it_it,control,10037759924455051213.wav,0,0.0,0.0,0.0,nan
it_it,control,1006729518827641482.wav,0,0.0,0.0,0.0,nan
it_it,control,10127750728509182272.wav,0,0.0,0.0,0.0,nan
it_it,control,10159398106668856572.wav,0,0.16666666666666666,0.20833333333333334,0.041666666666666685,0.2500000000000001
it_it,control,10163392299961827450.wav,0,0.03333333333333333,0.03333333333333333,0.0,0.0
it_it,control,10166843301601278560.wav,0,0.043478260869565216,0.043478260869565216,0.0,0.0
it_it,control,10168148107941542925.wav,0,0.0,0.0,0.0,nan
it_it,control,10173541521390065753.wav,0,0.1111111111111111,0.1111111111111111,0.0,0.0
it_it,control,10210638754804006465.wav,0,0.0,0.0,0.0,nan
it_it,control,1021451608744266497.wav,0,0.05714285714285714,0.05714285714285714,0.0,0.0
it_it,control,10225734229056439938.wav,0,0.0,0.0,0.0,nan
it_it,control,1024005671072986451.wav,0,0.0,0.0,0.0,nan
it_it,control,10275928643200034491.wav,0,0.0,0.0,0.0,nan
it_it,control,10294884782884582016.wav,0,0.07142857142857142,0.14285714285714285,0.07142857142857142,1.0
it_it,control,10324513969638088871.wav,0,0.0,0.0,0.0,nan
it_it,control,10331901392264121024.wav,0,0.05555555555555555,0.027777777777777776,-0.027777777777777776,-0.5
it_it,control,10363722267618555781.wav,0,0.0,0.0,0.0,nan
it_it,control,1040642958705021773.wav,0,0.0,0.0,0.0,nan
it_it,control,10421376619578532077.wav,0,0.0,0.1,0.1,nan
it_it,control,10434945468030652443.wav,0,0.0,0.0,0.0,nan
it_it,control,10437794928490533393.wav,0,0.0625,0.125,0.0625,1.0
it_it,control,10479866160281873942.wav,0,0.03333333333333333,0.03333333333333333,0.0,0.0
pt_br,control,10008174856218516817.wav,0,0.0,0.0,0.0,nan
pt_br,control,10047022047800689031.wav,0,0.041666666666666664,0.041666666666666664,0.0,0.0
pt_br,control,10083615766068544069.wav,0,0.13333333333333333,0.3333333333333333,0.19999999999999998,1.5
pt_br,control,10103427908302527934.wav,0,0.11764705882352941,0.11764705882352941,0.0,0.0
pt_br,control,10116774789336634117.wav,0,0.030303030303030304,0.030303030303030304,0.0,0.0
pt_br,control,10123292114373653004.wav,0,0.030303030303030304,0.06060606060606061,0.030303030303030304,1.0
pt_br,control,10124265429093233069.wav,0,0.0,0.0,0.0,nan
pt_br,control,101298017130488094.wav,0,0.0,0.0,0.0,nan
pt_br,control,10134749222604455839.wav,0,0.09375,0.03125,-0.0625,-0.6666666666666666
pt_br,control,10181435093488396236.wav,0,0.05,0.1,0.05,1.0
pt_br,control,10182869931433112315.wav,0,0.0,0.0,0.0,nan
pt_br,control,10250542229422804450.wav,0,0.0,0.0,0.0,nan
pt_br,control,10330760965710671860.wav,0,0.02857142857142857,0.08571428571428572,0.05714285714285715,2.0000000000000004
pt_br,control,10336892012774138351.wav,0,0.02857142857142857,0.02857142857142857,0.0,0.0
pt_br,control,10396608688977778715.wav,0,0.0,0.0,0.0,nan
pt_br,control,10447088554932977161.wav,0,0.0,0.0,0.0,nan
pt_br,control,10481332407254391001.wav,0,0.03571428571428571,0.03571428571428571,0.0,0.0
pt_br,control,10505166955967423279.wav,0,0.09259259259259259,0.12962962962962962,0.037037037037037035,0.4
pt_br,control,10556936069191551163.wav,0,0.0,0.0,0.0,nan
pt_br,control,10559649525180085600.wav,0,0.038461538461538464,0.038461538461538464,0.0,0.0
pt_br,control,10563386743453394183.wav,0,0.08333333333333333,0.08333333333333333,0.0,0.0
pt_br,control,10572113470910404412.wav,0,0.0,0.0,0.0,nan
pt_br,control,10574848004314450267.wav,0,0.0,0.0,0.0,nan
pt_br,control,10605163429114699143.wav,0,0.0,0.0,0.0,nan
pt_br,control,1060610497899453249.wav,0,0.0,0.0,0.0,nan
pl_pl,control,10003602174340488201.wav,0,0.0,0.4,0.4,nan
pl_pl,control,10013271501230525766.wav,0,0.11764705882352941,0.11764705882352941,0.0,0.0
pl_pl,control,10047713455444904767.wav,0,0.2,0.1,-0.1,-0.5
pl_pl,control,1005842427933298975.wav,0,0.06666666666666667,0.06666666666666667,0.0,0.0
pl_pl,control,10106656566031527912.wav,0,0.16666666666666666,0.25,0.08333333333333334,0.5000000000000001
pl_pl,control,10111380715278909641.wav,0,0.0,0.029411764705882353,0.029411764705882353,nan
pl_pl,control,10121623061191828121.wav,0,0.0,0.0,0.0,nan
pl_pl,control,10128140258686156236.wav,0,0.0,0.0,0.0,nan
pl_pl,control,10166331184477401711.wav,0,0.058823529411764705,0.11764705882352941,0.058823529411764705,1.0
pl_pl,control,10221011798711138812.wav,0,0.05263157894736842,0.05263157894736842,0.0,0.0
pl_pl,control,10253277489236542287.wav,0,0.043478260869565216,0.34782608695652173,0.30434782608695654,7.000000000000001
pl_pl,control,10265739980183288112.wav,0,0.0,0.11764705882352941,0.11764705882352941,nan
pl_pl,control,10272446192914218891.wav,0,0.13333333333333333,0.13333333333333333,0.0,0.0
pl_pl,control,10290881139322280989.wav,0,0.16666666666666666,1.3333333333333333,1.1666666666666665,6.999999999999999
pl_pl,control,10367448033604855133.wav,0,0.375,0.375,0.0,0.0
pl_pl,control,10375486148133876372.wav,0,0.0,0.0,0.0,nan
pl_pl,control,10382354866123125555.wav,0,0.0,0.0,0.0,nan
pl_pl,control,10386602351902756285.wav,0,0.0,0.19047619047619047,0.19047619047619047,nan
pl_pl,control,10430896770348053746.wav,0,0.05555555555555555,0.16666666666666666,0.1111111111111111,2.0
pl_pl,control,10458072668248812165.wav,0,0.0,0.0,0.0,nan
pl_pl,control,10469666877435921028.wav,0,0.0,0.0,0.0,nan
pl_pl,control,10489056500256181197.wav,0,0.0,1.5384615384615385,1.5384615384615385,nan
pl_pl,control,10492639571794818767.wav,0,0.1875,0.6875,0.5,2.6666666666666665
pl_pl,control,1051082951598981155.wav,0,0.043478260869565216,0.13043478260869565,0.08695652173913043,2.0
pl_pl,control,10527988966235886370.wav,0,0.0,0.0,0.0,nan
nl_nl,control,10042455874761876908.wav,0,0.13333333333333333,0.4,0.2666666666666667,2.0000000000000004
nl_nl,control,1004717084892689357.wav,0,0.0,0.8571428571428571,0.8571428571428571,nan
nl_nl,control,10152288169439514825.wav,0,0.0,0.20833333333333334,0.20833333333333334,nan
nl_nl,control,1026022596464059538.wav,0,0.047619047619047616,0.42857142857142855,0.38095238095238093,8.0
nl_nl,control,10260784725589620600.wav,0,0.19047619047619047,0.5714285714285714,0.38095238095238093,2.0
nl_nl,control,10361960096461262383.wav,0,0.05263157894736842,0.05263157894736842,0.0,0.0
nl_nl,control,10434531962106328123.wav,0,0.3,0.55,0.25000000000000006,0.8333333333333336
nl_nl,control,1045860544116468662.wav,0,0.0,0.6896551724137931,0.6896551724137931,nan
nl_nl,control,10496387467912730230.wav,0,0.06451612903225806,0.22580645161290322,0.16129032258064516,2.5
nl_nl,control,10542528491918739981.wav,0,0.0625,0.625,0.5625,9.0
nl_nl,control,10583244184799490474.wav,0,0.1,0.2,0.1,1.0
nl_nl,control,10609614574341295486.wav,0,0.16666666666666666,0.4444444444444444,0.2777777777777778,1.6666666666666667
nl_nl,control,10704092226988509877.wav,0,0.0,0.8571428571428571,0.8571428571428571,nan
nl_nl,control,10714560278124907390.wav,0,0.07142857142857142,0.35714285714285715,0.2857142857142857,4.0
nl_nl,control,10766895672322781807.wav,0,0.0,0.21739130434782608,0.21739130434782608,nan
nl_nl,control,10811754204846869974.wav,0,0.0,0.16129032258064516,0.16129032258064516,nan
nl_nl,control,10828791272316886553.wav,0,0.023809523809523808,0.21428571428571427,0.19047619047619047,8.0
nl_nl,control,10835134312111561932.wav,0,0.0,0.3076923076923077,0.3076923076923077,nan
nl_nl,control,10875684499820620842.wav,0,0.13636363636363635,0.45454545454545453,0.3181818181818182,2.3333333333333335
nl_nl,control,10880934543743608188.wav,0,0.047619047619047616,0.5238095238095238,0.4761904761904762,10.000000000000002
nl_nl,control,10930858424682374979.wav,0,0.0,0.47058823529411764,0.47058823529411764,nan
nl_nl,control,10950234578707540002.wav,0,0.0,0.7692307692307693,0.7692307692307693,nan
nl_nl,control,10993291004356673523.wav,0,0.1875,0.375,0.1875,1.0
nl_nl,control,10999321545906420250.wav,0,0.0,0.07692307692307693,0.07692307692307693,nan
nl_nl,control,11071227874224189676.wav,0,0.0,0.30434782608695654,0.30434782608695654,nan
cs_cz,control,10008901044567586183.wav,0,0.13636363636363635,0.18181818181818182,0.04545454545454547,0.3333333333333335
cs_cz,control,1002073590577418943.wav,0,0.13636363636363635,0.22727272727272727,0.09090909090909091,0.6666666666666667
cs_cz,control,10052415980208464164.wav,0,0.125,0.125,0.0,0.0
cs_cz,control,10052420421979224027.wav,0,0.0,0.14285714285714285,0.14285714285714285,nan
cs_cz,control,10054700432466994319.wav,0,0.0,0.12,0.12,nan
cs_cz,control,10153555532427856084.wav,0,0.0,0.08333333333333333,0.08333333333333333,nan
cs_cz,control,10221097231757001300.wav,0,0.14285714285714285,0.42857142857142855,0.2857142857142857,2.0
cs_cz,control,10221738222866324528.wav,0,0.09259259259259259,0.14814814814814814,0.05555555555555555,0.6
cs_cz,control,10228936525227633964.wav,0,0.17647058823529413,0.5294117647058824,0.3529411764705882,1.9999999999999998
cs_cz,control,10265457115990942682.wav,0,0.0,0.06666666666666667,0.06666666666666667,nan
cs_cz,control,10281706950905429853.wav,0,0.07692307692307693,0.07692307692307693,0.0,0.0
cs_cz,control,10319190415986374457.wav,0,0.2631578947368421,0.15789473684210525,-0.10526315789473684,-0.4
cs_cz,control,10353510169897203356.wav,0,0.09090909090909091,0.2727272727272727,0.1818181818181818,1.9999999999999998
cs_cz,control,10396840939149990214.wav,0,0.1111111111111111,0.1111111111111111,0.0,0.0
cs_cz,control,10424601897639740167.wav,0,0.05263157894736842,0.05263157894736842,0.0,0.0
cs_cz,control,10449063628095097600.wav,0,0.2857142857142857,0.47619047619047616,0.19047619047619047,0.6666666666666666
cs_cz,control,10456869065098740617.wav,0,0.1111111111111111,0.2222222222222222,0.1111111111111111,1.0
cs_cz,control,1046454661037945424.wav,0,0.1875,0.5,0.3125,1.6666666666666667
cs_cz,control,10483800940820729736.wav,0,0.06666666666666667,0.16666666666666666,0.09999999999999999,1.5
cs_cz,control,10536307417697686214.wav,0,0.2857142857142857,0.5714285714285714,0.2857142857142857,1.0
cs_cz,control,10541617516173790866.wav,0,0.38461538461538464,0.38461538461538464,0.0,0.0
cs_cz,control,10564659778668780259.wav,0,0.038461538461538464,0.3076923076923077,0.2692307692307693,7.000000000000001
cs_cz,control,10611368826341130240.wav,0,0.18181818181818182,0.22727272727272727,0.04545454545454544,0.24999999999999992
cs_cz,control,10619093676843568367.wav,0,0.0,0.05263157894736842,0.05263157894736842,nan
cs_cz,control,10681429783823013113.wav,0,0.1111111111111111,0.1111111111111111,0.0,0.0
ar_eg,exploratory,10019390257075855641.wav,0,0.1875,0.3125,0.125,0.6666666666666666
ar_eg,exploratory,10035416633083120372.wav,0,0.23333333333333334,0.23333333333333334,0.0,0.0
ar_eg,exploratory,10080665469720750912.wav,0,0.19230769230769232,0.15384615384615385,-0.038461538461538464,-0.2
ar_eg,exploratory,1021284281927612037.wav,0,0.0,0.0,0.0,nan
ar_eg,exploratory,10219273669592698682.wav,0,0.08333333333333333,0.08333333333333333,0.0,0.0
ar_eg,exploratory,10223562251993082117.wav,0,0.0,0.0,0.0,nan
ar_eg,exploratory,10340788584398631536.wav,0,0.4444444444444444,0.5,0.05555555555555558,0.12500000000000006
ar_eg,exploratory,1035166469684084794.wav,0,0.13157894736842105,0.21052631578947367,0.07894736842105263,0.6
ar_eg,exploratory,10361044285640817256.wav,0,0.07692307692307693,0.23076923076923078,0.15384615384615385,2.0
ar_eg,exploratory,10366294495925707527.wav,0,0.5517241379310345,0.5517241379310345,0.0,0.0
ar_eg,exploratory,10372562911047932559.wav,0,0.07407407407407407,0.1111111111111111,0.037037037037037035,0.5
ar_eg,exploratory,10394942145902478734.wav,0,0.13636363636363635,0.18181818181818182,0.04545454545454547,0.3333333333333335
ar_eg,exploratory,10427622000895658817.wav,0,0.047619047619047616,0.0,-0.047619047619047616,-1.0
ar_eg,exploratory,10459237854135592487.wav,0,0.1,0.3,0.19999999999999998,1.9999999999999998
ar_eg,exploratory,10482686991657251883.wav,0,0.125,0.125,0.0,0.0
ar_eg,exploratory,10577380305752320533.wav,0,0.0,0.0,0.0,nan
ar_eg,exploratory,10596565837933488636.wav,0,0.09523809523809523,0.09523809523809523,0.0,0.0
ar_eg,exploratory,10634940561331464457.wav,0,0.07692307692307693,0.3076923076923077,0.23076923076923078,3.0
ar_eg,exploratory,10726395627256131145.wav,0,0.3103448275862069,0.4482758620689655,0.13793103448275862,0.4444444444444444
ar_eg,exploratory,10863341459609935739.wav,0,0.16666666666666666,0.08333333333333333,-0.08333333333333333,-0.5
ar_eg,exploratory,10893642191705398473.wav,0,0.09523809523809523,0.09523809523809523,0.0,0.0
ar_eg,exploratory,10931408018112302309.wav,0,0.4117647058823529,0.17647058823529413,-0.2352941176470588,-0.5714285714285714
ar_eg,exploratory,11139143967292231503.wav,0,0.0,0.0,0.0,nan
ar_eg,exploratory,11186992850652335587.wav,0,0.05263157894736842,0.21052631578947367,0.15789473684210525,3.0
ar_eg,exploratory,11187297241957533844.wav,0,0.0,0.0,0.0,nan
