lang,group,file,char_level,wer_original,wer_coded,delta,relative,recogniser_failed
vi_vn,tone,10057024225045006889.wav,0,0.2608695652173913,0.391304347826087,0.13043478260869568,0.5000000000000001,0
vi_vn,tone,10072308967409148015.wav,0,0.6875,0.6875,0.0,0.0,0
vi_vn,tone,10078277432407694754.wav,0,0.12,0.32,0.2,1.6666666666666667,0
vi_vn,tone,10093159547857080890.wav,0,0.12,0.16,0.04000000000000001,0.3333333333333334,0
vi_vn,tone,1015279164912843543.wav,0,0.13513513513513514,0.13513513513513514,0.0,0.0,0
vi_vn,tone,1015563747297542961.wav,0,0.20833333333333334,0.4166666666666667,0.20833333333333334,1.0,0
vi_vn,tone,10169179696365895477.wav,0,0.15384615384615385,0.5384615384615384,0.3846153846153846,2.4999999999999996,0
vi_vn,tone,10185666587391780903.wav,0,0.2608695652173913,0.5217391304347826,0.2608695652173913,1.0,0
vi_vn,tone,10188670312101823236.wav,0,0.6428571428571429,0.7857142857142857,0.1428571428571428,0.2222222222222221,0
vi_vn,tone,1020360004532126324.wav,0,0.37209302325581395,0.4186046511627907,0.04651162790697677,0.12500000000000008,0
vi_vn,tone,10205789067921017036.wav,0,0.2962962962962963,0.4074074074074074,0.1111111111111111,0.375,0
vi_vn,tone,10241630228065064831.wav,0,0.2857142857142857,0.35714285714285715,0.07142857142857145,0.2500000000000001,0
vi_vn,tone,10259306006333604242.wav,0,0.21739130434782608,0.34782608695652173,0.13043478260869565,0.6,0
vi_vn,tone,10259532564282505455.wav,0,0.23076923076923078,0.3076923076923077,0.07692307692307693,0.3333333333333333,0
vi_vn,tone,10315066330134186872.wav,0,0.2,0.22857142857142856,0.028571428571428553,0.14285714285714277,0
vi_vn,tone,10342739006640083455.wav,0,0.3103448275862069,0.41379310344827586,0.10344827586206895,0.33333333333333326,0
vi_vn,tone,10348723993292846786.wav,0,0.23529411764705882,0.29411764705882354,0.05882352941176472,0.25000000000000006,0
vi_vn,tone,103677662251086347.wav,0,0.2413793103448276,0.1724137931034483,-0.06896551724137931,-0.2857142857142857,0
vi_vn,tone,1036876241637854415.wav,0,0.41025641025641024,0.5897435897435898,0.17948717948717952,0.4375000000000001,0
vi_vn,tone,10402105561395439139.wav,0,0.48484848484848486,0.3939393939393939,-0.09090909090909094,-0.18750000000000006,0
vi_vn,tone,10449380600207928518.wav,0,0.30952380952380953,0.40476190476190477,0.09523809523809523,0.30769230769230765,0
vi_vn,tone,10453290072265880595.wav,0,0.375,0.5,0.125,0.3333333333333333,0
vi_vn,tone,10458632275226443935.wav,0,0.17857142857142858,0.32142857142857145,0.14285714285714288,0.8,0
vi_vn,tone,10473837320520117918.wav,0,0.5,0.8333333333333334,0.33333333333333337,0.6666666666666667,0
vi_vn,tone,10531082783264670622.wav,0,0.42857142857142855,0.4642857142857143,0.035714285714285754,0.08333333333333343,0
vi_vn,tone,10531614475822620460.wav,0,0.3055555555555556,0.3888888888888889,0.08333333333333331,0.27272727272727265,0
vi_vn,tone,10578217408292407263.wav,0,0.30434782608695654,0.6086956521739131,0.30434782608695654,1.0,0
vi_vn,tone,10618648079469862393.wav,0,0.25,0.625,0.375,1.5,0
vi_vn,tone,10631977326382455765.wav,0,0.3225806451612903,0.41935483870967744,0.09677419354838712,0.3000000000000001,0
vi_vn,tone,1064415134029413807.wav,0,0.2857142857142857,0.3333333333333333,0.047619047619047616,0.16666666666666666,0
th_th,tone,10021525843523202225.wav,1,0.16,0.208,0.04799999999999999,0.29999999999999993,0
th_th,tone,10026868752543983818.wav,1,0.10666666666666667,0.14666666666666667,0.039999999999999994,0.37499999999999994,0
th_th,tone,10039458165040799931.wav,1,0.16666666666666666,0.16,-0.006666666666666654,-0.039999999999999925,0
th_th,tone,1007571455564489221.wav,1,0.16216216216216217,0.14864864864864866,-0.013513513513513514,-0.08333333333333333,0
th_th,tone,10084130310330574566.wav,1,0.14772727272727273,0.18181818181818182,0.03409090909090909,0.23076923076923073,0
th_th,tone,10101128707722413083.wav,1,0.039473684210526314,0.07894736842105263,0.039473684210526314,1.0,0
th_th,tone,10105312761033339989.wav,1,0.1262135922330097,0.2815533980582524,0.1553398058252427,1.2307692307692306,0
th_th,tone,1015499225257626992.wav,1,0.15723270440251572,0.18238993710691823,0.02515723270440251,0.15999999999999998,0
th_th,tone,10169675868821705996.wav,1,0.017241379310344827,0.0603448275862069,0.04310344827586207,2.5,0
th_th,tone,1019167928630402440.wav,1,0.13664596273291926,0.17391304347826086,0.0372670807453416,0.2727272727272726,0
th_th,tone,1019248392636387261.wav,1,0.09803921568627451,0.058823529411764705,-0.0392156862745098,-0.4,0
th_th,tone,10216551269307861857.wav,1,0.1125,0.14583333333333334,0.03333333333333334,0.29629629629629634,0
th_th,tone,10219732965302371541.wav,1,0.0703125,0.171875,0.1015625,1.4444444444444444,0
th_th,tone,10223156761300860880.wav,1,0.16993464052287582,0.17647058823529413,0.006535947712418305,0.038461538461538484,0
th_th,tone,10233948161307563280.wav,1,0.03333333333333333,0.11666666666666667,0.08333333333333334,2.5000000000000004,0
th_th,tone,10237649933703760482.wav,1,0.053763440860215055,0.11827956989247312,0.06451612903225806,1.2,0
th_th,tone,10238045899288506400.wav,1,0.10144927536231885,0.17391304347826086,0.07246376811594202,0.7142857142857141,0
th_th,tone,10248360673750680732.wav,1,0.06818181818181818,0.13636363636363635,0.06818181818181818,1.0,0
th_th,tone,10254386637478850663.wav,1,0.12698412698412698,0.16666666666666666,0.03968253968253968,0.3125,0
th_th,tone,1026328125434336525.wav,1,0.03125,0.109375,0.078125,2.5,0
th_th,tone,10281471544454650617.wav,1,0.16228070175438597,0.17982456140350878,0.017543859649122806,0.1081081081081081,0
th_th,tone,10281772796474355231.wav,1,0.07142857142857142,0.14285714285714285,0.07142857142857142,1.0,0
th_th,tone,10282461223805481506.wav,1,0.1440677966101695,0.2288135593220339,0.0847457627118644,0.588235294117647,0
th_th,tone,10298102842969090649.wav,1,1.0206185567010309,1.092783505154639,0.07216494845360821,0.07070707070707068,0
th_th,tone,1032427344821915583.wav,1,0.1986754966887417,0.2119205298013245,0.013245033112582794,0.06666666666666674,0
th_th,tone,10334604006572678758.wav,1,0.058823529411764705,0.12941176470588237,0.07058823529411766,1.2000000000000002,0
th_th,tone,10335124731606409859.wav,1,0.07482993197278912,0.1292517006802721,0.054421768707483,0.7272727272727273,0
th_th,tone,10347911827388141257.wav,1,0.18518518518518517,0.3148148148148148,0.12962962962962965,0.7000000000000002,0
th_th,tone,10363030037687949251.wav,1,0.2631578947368421,0.2807017543859649,0.017543859649122806,0.06666666666666667,0
th_th,tone,10403039577417520332.wav,1,0.2463768115942029,0.34782608695652173,0.10144927536231882,0.4117647058823528,0
yo_ng,tone,10004614807418206077.wav,0,0.4883720930232558,0.7906976744186046,0.3023255813953488,0.6190476190476191,0
yo_ng,tone,10012525983487564904.wav,0,0.5454545454545454,0.7272727272727273,0.18181818181818188,0.3333333333333335,0
yo_ng,tone,10038578617307429132.wav,0,0.6521739130434783,0.8260869565217391,0.17391304347826086,0.26666666666666666,0
yo_ng,tone,10047155452005832869.wav,0,0.5,0.5,0.0,0.0,0
yo_ng,tone,10075732340372834797.wav,0,0.967741935483871,1.0,0.032258064516129004,0.033333333333333305,0
yo_ng,tone,10139658276118366380.wav,0,0.4482758620689655,0.41379310344827586,-0.03448275862068967,-0.07692307692307696,0
yo_ng,tone,1014970211285868104.wav,0,0.15384615384615385,0.23076923076923078,0.07692307692307693,0.5,0
yo_ng,tone,10149713618211834484.wav,0,0.8076923076923077,0.5,-0.3076923076923077,-0.380952380952381,0
yo_ng,tone,10199418047564275517.wav,0,1.0,1.0,0.0,0.0,0
yo_ng,tone,10234795054815643489.wav,0,0.6875,0.6875,0.0,0.0,0
yo_ng,tone,10303761282022018610.wav,0,0.40476190476190477,0.40476190476190477,0.0,0.0,0
yo_ng,tone,10347105456079071418.wav,0,0.28205128205128205,0.38461538461538464,0.10256410256410259,0.3636363636363637,0
yo_ng,tone,10354219070800730285.wav,0,0.4864864864864865,0.6486486486486487,0.16216216216216217,0.3333333333333333,0
yo_ng,tone,10370968216531623982.wav,0,0.47368421052631576,0.5263157894736842,0.05263157894736842,0.1111111111111111,0
yo_ng,tone,10379015920335788956.wav,0,0.36363636363636365,0.5454545454545454,0.18181818181818177,0.49999999999999983,0
yo_ng,tone,10416675910211939177.wav,0,1.0,1.0,0.0,0.0,0
yo_ng,tone,10480623418731541217.wav,0,0.13333333333333333,0.13333333333333333,0.0,0.0,0
yo_ng,tone,1050392290980008442.wav,0,0.34782608695652173,0.391304347826087,0.043478260869565244,0.12500000000000008,0
yo_ng,tone,1051154324778723638.wav,0,0.43478260869565216,0.391304347826087,-0.04347826086956519,-0.09999999999999994,0
yo_ng,tone,10527407284601401494.wav,0,0.2222222222222222,0.37037037037037035,0.14814814814814814,0.6666666666666666,0
yo_ng,tone,10537107798285990170.wav,0,0.375,0.625,0.25,0.6666666666666666,0
yo_ng,tone,10596990762493183543.wav,0,0.5454545454545454,0.5454545454545454,0.0,0.0,0
yo_ng,tone,10676374552825725906.wav,0,0.967741935483871,0.967741935483871,0.0,0.0,0
yo_ng,tone,1067731832916580127.wav,0,0.47368421052631576,0.5789473684210527,0.10526315789473689,0.22222222222222235,0
yo_ng,tone,10681623383851479093.wav,0,0.4827586206896552,0.4482758620689655,-0.03448275862068967,-0.07142857142857145,0
yo_ng,tone,10731945229947186833.wav,0,0.53125,0.53125,0.0,0.0,0
yo_ng,tone,10733444170381388127.wav,0,0.5714285714285714,0.5714285714285714,0.0,0.0,0
yo_ng,tone,107557018025737043.wav,0,0.2978723404255319,0.3191489361702128,0.021276595744680882,0.07142857142857154,0
yo_ng,tone,10761694821558708488.wav,0,0.5,0.5,0.0,0.0,0
yo_ng,tone,10762786705704776308.wav,0,0.875,0.625,-0.25,-0.2857142857142857,0
ig_ng,tone,10026309344187027394.wav,0,0.4090909090909091,0.5454545454545454,0.1363636363636363,0.33333333333333315,0
ig_ng,tone,10028857168024152636.wav,0,0.2,0.4,0.2,1.0,0
ig_ng,tone,10032643864415174209.wav,0,0.375,0.7083333333333334,0.33333333333333337,0.888888888888889,0
ig_ng,tone,10047493645340696500.wav,0,0.13636363636363635,0.22727272727272727,0.09090909090909091,0.6666666666666667,0
ig_ng,tone,10050654787896216253.wav,0,0.5714285714285714,0.8928571428571429,0.3214285714285715,0.5625000000000002,0
ig_ng,tone,10057819627557776878.wav,0,0.4897959183673469,0.6938775510204082,0.20408163265306123,0.4166666666666667,0
ig_ng,tone,10059802185886416965.wav,0,0.45,0.7,0.24999999999999994,0.5555555555555555,0
ig_ng,tone,10065495225756996247.wav,0,0.2903225806451613,0.2903225806451613,0.0,0.0,0
ig_ng,tone,10073942088470718781.wav,0,0.631578947368421,0.7105263157894737,0.07894736842105265,0.12500000000000006,0
ig_ng,tone,10085258615364794155.wav,0,0.2692307692307692,0.3076923076923077,0.03846153846153849,0.142857142857143,0
ig_ng,tone,10111656983425821409.wav,0,0.5185185185185185,0.5555555555555556,0.03703703703703709,0.07142857142857154,0
ig_ng,tone,10133712136599407853.wav,0,0.6153846153846154,0.6923076923076923,0.07692307692307687,0.12499999999999992,0
ig_ng,tone,10137684509575960114.wav,0,0.30434782608695654,0.6521739130434783,0.34782608695652173,1.1428571428571428,0
ig_ng,tone,10162254286452235406.wav,0,0.2222222222222222,0.37037037037037035,0.14814814814814814,0.6666666666666666,0
ig_ng,tone,10195458377608091017.wav,0,0.48148148148148145,0.5185185185185185,0.037037037037037035,0.07692307692307693,0
ig_ng,tone,10203097035041753102.wav,0,0.32,0.52,0.2,0.625,0
ig_ng,tone,10217626172103365639.wav,0,0.25806451612903225,0.2903225806451613,0.03225806451612906,0.1250000000000001,0
ig_ng,tone,10225711295455847064.wav,0,0.4117647058823529,0.29411764705882354,-0.11764705882352938,-0.28571428571428564,0
ig_ng,tone,10233325303970615575.wav,0,0.8333333333333334,0.8333333333333334,0.0,0.0,0
ig_ng,tone,1025488349428406915.wav,0,0.4166666666666667,0.25,-0.16666666666666669,-0.4,0
ig_ng,tone,10260607717296390847.wav,0,0.4782608695652174,0.43478260869565216,-0.043478260869565244,-0.09090909090909097,0
ig_ng,tone,10270999191333815212.wav,0,0.19230769230769232,0.2692307692307692,0.0769230769230769,0.39999999999999986,0
ig_ng,tone,10289876271076829418.wav,0,0.75,0.9166666666666666,0.16666666666666663,0.22222222222222218,0
ig_ng,tone,1030358147113588777.wav,0,0.36,0.52,0.16000000000000003,0.44444444444444453,0
ig_ng,tone,10324903537465620631.wav,0,0.4166666666666667,0.625,0.20833333333333331,0.49999999999999994,0
ig_ng,tone,10329735116921055354.wav,0,0.4358974358974359,0.5384615384615384,0.10256410256410253,0.23529411764705874,0
ig_ng,tone,10365913516810290068.wav,0,0.4666666666666667,0.7333333333333333,0.2666666666666666,0.5714285714285713,0
ig_ng,tone,10425240128289830370.wav,0,0.2972972972972973,0.6216216216216216,0.3243243243243243,1.0909090909090908,0
ig_ng,tone,10429980641309718570.wav,0,0.5882352941176471,0.29411764705882354,-0.29411764705882354,-0.5,0
ig_ng,tone,10432088778424964183.wav,0,0.38461538461538464,0.4358974358974359,0.051282051282051266,0.13333333333333328,0
am_et,ejective,10003612465176046723.wav,0,0.15,0.15,0.0,0.0,0
am_et,ejective,10012704948933492755.wav,0,0.35294117647058826,0.35294117647058826,0.0,0.0,0
am_et,ejective,10045377790517390503.wav,0,0.3888888888888889,0.5555555555555556,0.16666666666666669,0.4285714285714286,0
am_et,ejective,10051106711687525410.wav,0,0.16666666666666666,0.4166666666666667,0.25,1.5,0
am_et,ejective,10088366290604436390.wav,0,0.3333333333333333,0.4444444444444444,0.1111111111111111,0.3333333333333333,0
am_et,ejective,10129440473619912057.wav,0,0.375,0.5,0.125,0.3333333333333333,0
am_et,ejective,10145345127432001964.wav,0,0.23529411764705882,0.23529411764705882,0.0,0.0,0
am_et,ejective,10212564749152212122.wav,0,0.6428571428571429,0.7857142857142857,0.1428571428571428,0.2222222222222221,0
am_et,ejective,10220122342741781300.wav,0,0.07142857142857142,0.09523809523809523,0.023809523809523808,0.3333333333333333,0
am_et,ejective,1023762135314771768.wav,0,0.4666666666666667,0.7333333333333333,0.2666666666666666,0.5714285714285713,0
am_et,ejective,10240274328941460061.wav,0,0.07692307692307693,0.11538461538461539,0.038461538461538464,0.5,0
am_et,ejective,10248511509370293669.wav,0,0.5,0.75,0.25,0.5,0
am_et,ejective,10262140668067491488.wav,0,0.12,0.12,0.0,0.0,0
am_et,ejective,10293963889444360150.wav,0,0.4166666666666667,0.08333333333333333,-0.33333333333333337,-0.8,0
am_et,ejective,10295133453139767268.wav,0,0.2916666666666667,0.4166666666666667,0.125,0.42857142857142855,0
am_et,ejective,10356420688435605249.wav,0,0.7333333333333333,0.6,-0.1333333333333333,-0.1818181818181818,0
am_et,ejective,10366541048673829831.wav,0,0.13636363636363635,0.18181818181818182,0.04545454545454547,0.3333333333333335,0
am_et,ejective,10372803738750784706.wav,0,0.08333333333333333,0.08333333333333333,0.0,0.0,0
am_et,ejective,10387948286478610097.wav,0,0.5882352941176471,0.7058823529411765,0.11764705882352944,0.20000000000000004,0
am_et,ejective,10390031479906056559.wav,0,0.09090909090909091,0.09090909090909091,0.0,0.0,0
am_et,ejective,10402937732197933579.wav,0,0.25,0.35,0.09999999999999998,0.3999999999999999,0
am_et,ejective,10406107872501557912.wav,0,0.3181818181818182,0.36363636363636365,0.04545454545454547,0.1428571428571429,0
am_et,ejective,10431813547519605439.wav,0,0.3157894736842105,0.5263157894736842,0.21052631578947367,0.6666666666666666,0
am_et,ejective,1046481794437753227.wav,0,0.21428571428571427,0.14285714285714285,-0.07142857142857142,-0.3333333333333333,0
am_et,ejective,1048838254901128228.wav,0,0.14285714285714285,0.21428571428571427,0.07142857142857142,0.5,0
am_et,ejective,10493130252130350461.wav,0,0.16666666666666666,0.2222222222222222,0.05555555555555555,0.3333333333333333,0
am_et,ejective,10498308169550999781.wav,0,0.058823529411764705,0.17647058823529413,0.11764705882352942,2.0000000000000004,0
am_et,ejective,10504105506397242037.wav,0,0.3333333333333333,0.3333333333333333,0.0,0.0,0
am_et,ejective,10508095362710545206.wav,0,0.6111111111111112,0.7222222222222222,0.11111111111111105,0.1818181818181817,0
am_et,ejective,10526534373027337102.wav,0,0.22727272727272727,0.22727272727272727,0.0,0.0,0
ka_ge,ejective,10022870819550332547.wav,0,0.16666666666666666,0.25,0.08333333333333334,0.5000000000000001,0
ka_ge,ejective,10049298347626572743.wav,0,0.2608695652173913,0.43478260869565216,0.17391304347826086,0.6666666666666666,0
ka_ge,ejective,10049690027739027420.wav,0,0.26666666666666666,0.4,0.13333333333333336,0.5000000000000001,0
ka_ge,ejective,10057217115354444828.wav,0,0.3157894736842105,0.47368421052631576,0.15789473684210525,0.5,0
ka_ge,ejective,10062143887841767445.wav,0,0.2857142857142857,0.42857142857142855,0.14285714285714285,0.5,0
ka_ge,ejective,10074280544572435299.wav,0,0.23076923076923078,0.23076923076923078,0.0,0.0,0
ka_ge,ejective,10086793514196598344.wav,0,0.1111111111111111,0.2222222222222222,0.1111111111111111,1.0,0
ka_ge,ejective,10099522782964815640.wav,0,0.17857142857142858,0.2857142857142857,0.10714285714285712,0.5999999999999999,0
ka_ge,ejective,10141718907493268196.wav,0,0.3333333333333333,0.4444444444444444,0.1111111111111111,0.3333333333333333,0
ka_ge,ejective,10149497495820348562.wav,0,0.375,0.3333333333333333,-0.041666666666666685,-0.11111111111111116,0
ka_ge,ejective,10162098829910091796.wav,0,0.4166666666666667,0.5,0.08333333333333331,0.19999999999999996,0
ka_ge,ejective,10191190175117818177.wav,0,0.16666666666666666,0.3333333333333333,0.16666666666666666,1.0,0
ka_ge,ejective,10191859901311198027.wav,0,0.21052631578947367,0.3157894736842105,0.10526315789473684,0.5,0
ka_ge,ejective,10280405335891226955.wav,0,0.18181818181818182,0.6363636363636364,0.45454545454545453,2.5,0
ka_ge,ejective,10286654056612928025.wav,0,0.3888888888888889,0.3888888888888889,0.0,0.0,0
ka_ge,ejective,10304160118986283422.wav,0,0.5384615384615384,0.7692307692307693,0.23076923076923084,0.4285714285714287,0
ka_ge,ejective,1031137562236925386.wav,0,0.25,0.625,0.375,1.5,0
ka_ge,ejective,10313838034202072982.wav,0,0.1935483870967742,0.3548387096774194,0.16129032258064518,0.8333333333333335,0
ka_ge,ejective,10323065835453782557.wav,0,0.24,0.44,0.2,0.8333333333333334,0
ka_ge,ejective,10328030181465842780.wav,0,0.07692307692307693,0.46153846153846156,0.38461538461538464,5.0,0
ka_ge,ejective,10349028373994382840.wav,0,0.30434782608695654,0.6521739130434783,0.34782608695652173,1.1428571428571428,0
ka_ge,ejective,104039188855202939.wav,0,0.29411764705882354,0.29411764705882354,0.0,0.0,0
ka_ge,ejective,10418954109040148519.wav,0,0.07142857142857142,0.14285714285714285,0.07142857142857142,1.0,0
ka_ge,ejective,10424962819857189919.wav,0,0.3684210526315789,0.42105263157894735,0.05263157894736842,0.14285714285714285,0
ka_ge,ejective,10470571721564216711.wav,0,0.25,0.25,0.0,0.0,0
ka_ge,ejective,10473522351034302732.wav,0,0.21428571428571427,0.42857142857142855,0.21428571428571427,1.0,0
ka_ge,ejective,10474086046130490217.wav,0,0.30434782608695654,0.4782608695652174,0.17391304347826086,0.5714285714285714,0
ka_ge,ejective,10475943421936835817.wav,0,0.2857142857142857,0.2857142857142857,0.0,0.0,0
ka_ge,ejective,10503019105297526329.wav,0,0.13636363636363635,0.18181818181818182,0.04545454545454547,0.3333333333333335,0
ka_ge,ejective,10524366783356733966.wav,0,0.35294117647058826,0.5882352941176471,0.23529411764705882,0.6666666666666666,0
zu_za,click,10009398770175121741.wav,0,0.7272727272727273,1.0,0.2727272727272727,0.37499999999999994,0
zu_za,click,10022961257841140705.wav,0,0.25,0.25,0.0,0.0,0
zu_za,click,10023344551970455832.wav,0,0.09090909090909091,0.09090909090909091,0.0,0.0,0
zu_za,click,10035707723818727827.wav,0,0.6521739130434783,0.6521739130434783,0.0,0.0,0
zu_za,click,10074919709538101732.wav,0,0.29411764705882354,0.6470588235294118,0.35294117647058826,1.2,0
zu_za,click,10112303444010395114.wav,0,0.0,0.058823529411764705,0.058823529411764705,nan,0
zu_za,click,10130776146612338269.wav,0,0.5833333333333334,0.75,0.16666666666666663,0.28571428571428564,0
zu_za,click,10141047927379829532.wav,0,0.47368421052631576,0.5263157894736842,0.05263157894736842,0.1111111111111111,0
zu_za,click,10173289305587483189.wav,0,0.1111111111111111,0.16666666666666666,0.05555555555555555,0.5,0
zu_za,click,10179620851045022176.wav,0,0.25,0.25,0.0,0.0,0
zu_za,click,10233597164623798499.wav,0,0.25,0.45,0.2,0.8,0
zu_za,click,10236834525194481245.wav,0,0.6923076923076923,0.6153846153846154,-0.07692307692307687,-0.11111111111111104,0
zu_za,click,10267653800504567900.wav,0,0.08333333333333333,0.3333333333333333,0.25,3.0,0
zu_za,click,10305623000604436864.wav,0,0.1111111111111111,0.1111111111111111,0.0,0.0,0
zu_za,click,10323530375490675320.wav,0,0.08333333333333333,0.08333333333333333,0.0,0.0,0
zu_za,click,10326582857533875289.wav,0,0.5714285714285714,0.7857142857142857,0.2142857142857143,0.37500000000000006,0
zu_za,click,10350168312728871167.wav,0,0.17647058823529413,0.29411764705882354,0.11764705882352941,0.6666666666666666,0
zu_za,click,10376816655783433209.wav,0,0.5,0.6666666666666666,0.16666666666666663,0.33333333333333326,0
zu_za,click,10378913855444313042.wav,0,0.25,0.5833333333333334,0.33333333333333337,1.3333333333333335,0
zu_za,click,10404844752936660211.wav,0,0.5416666666666666,0.7083333333333334,0.16666666666666674,0.3076923076923079,0
zu_za,click,1046638178426816339.wav,0,0.35294117647058826,0.5294117647058824,0.1764705882352941,0.49999999999999994,0
zu_za,click,1048941670507612980.wav,0,0.42105263157894735,0.3684210526315789,-0.05263157894736842,-0.125,0
zu_za,click,10495157933204271581.wav,0,0.5357142857142857,0.5714285714285714,0.0357142857142857,0.06666666666666664,0
zu_za,click,1051976640230109655.wav,0,0.23809523809523808,0.19047619047619047,-0.047619047619047616,-0.2,0
zu_za,click,1054214380299464529.wav,0,0.8461538461538461,1.0,0.15384615384615385,0.18181818181818182,0
zu_za,click,10560577862918063751.wav,0,0.6956521739130435,0.7391304347826086,0.04347826086956519,0.06249999999999996,0
zu_za,click,10580898450616582846.wav,0,0.23076923076923078,0.4230769230769231,0.1923076923076923,0.8333333333333333,0
zu_za,click,10612834763345893993.wav,0,0.4,0.7,0.29999999999999993,0.7499999999999998,0
zu_za,click,10643908877263433702.wav,0,0.42857142857142855,0.5714285714285714,0.14285714285714285,0.3333333333333333,0
zu_za,click,10677484748860005778.wav,0,0.13043478260869565,0.17391304347826086,0.043478260869565216,0.3333333333333333,0
xh_za,click,100190912282050547.wav,0,0.2631578947368421,0.42105263157894735,0.15789473684210525,0.6,0
xh_za,click,10024588794739039782.wav,0,0.3333333333333333,0.3888888888888889,0.05555555555555558,0.16666666666666674,0
xh_za,click,10082258072225657789.wav,0,0.3684210526315789,0.8421052631578947,0.47368421052631576,1.2857142857142858,0
xh_za,click,10108111729117411413.wav,0,0.5555555555555556,0.6666666666666666,0.11111111111111105,0.19999999999999987,0
xh_za,click,1013681520697460289.wav,0,0.6363636363636364,0.8181818181818182,0.18181818181818188,0.2857142857142858,0
xh_za,click,10165256419641240711.wav,0,0.5833333333333334,0.6666666666666666,0.08333333333333326,0.1428571428571427,0
xh_za,click,10177133363514217521.wav,0,0.3333333333333333,0.5,0.16666666666666669,0.5000000000000001,0
xh_za,click,10189440877719778585.wav,0,0.3888888888888889,0.5,0.1111111111111111,0.2857142857142857,0
xh_za,click,10190887711298179758.wav,0,0.13333333333333333,0.26666666666666666,0.13333333333333333,1.0,0
xh_za,click,10201560834096244617.wav,0,0.18181818181818182,0.7272727272727273,0.5454545454545454,2.9999999999999996,0
xh_za,click,10212952741051801821.wav,0,0.15384615384615385,0.23076923076923078,0.07692307692307693,0.5,0
xh_za,click,10220013537504906517.wav,0,0.1875,0.4375,0.25,1.3333333333333333,0
xh_za,click,10236432127936911058.wav,0,0.6153846153846154,0.6153846153846154,0.0,0.0,0
xh_za,click,10269742138260875410.wav,0,0.3333333333333333,0.6666666666666666,0.3333333333333333,1.0,0
xh_za,click,10276273754821341252.wav,0,0.35294117647058826,0.5294117647058824,0.1764705882352941,0.49999999999999994,0
xh_za,click,1031099347383216892.wav,0,0.5,0.7777777777777778,0.2777777777777778,0.5555555555555556,0
xh_za,click,10346008517010223866.wav,0,0.25,0.375,0.125,0.5,0
xh_za,click,10359282130406249979.wav,0,0.2,0.26666666666666666,0.06666666666666665,0.33333333333333326,0
xh_za,click,1039332833154748841.wav,0,0.38461538461538464,0.5384615384615384,0.1538461538461538,0.39999999999999986,0
xh_za,click,1039906634871992557.wav,0,0.35714285714285715,0.6428571428571429,0.28571428571428575,0.8,0
xh_za,click,10401135819954729730.wav,0,0.4,0.8666666666666667,0.4666666666666667,1.1666666666666665,0
xh_za,click,10404823038062649012.wav,0,0.0,0.0,0.0,nan,0
xh_za,click,10414431537593863245.wav,0,0.5454545454545454,0.6363636363636364,0.09090909090909094,0.16666666666666674,0
xh_za,click,10430473304931052843.wav,0,0.07692307692307693,0.38461538461538464,0.3076923076923077,4.0,0
xh_za,click,10437429645249821637.wav,0,0.4,0.6666666666666666,0.2666666666666666,0.6666666666666665,0
xh_za,click,10442268655702822158.wav,0,0.16666666666666666,0.16666666666666666,0.0,0.0,0
xh_za,click,1044859678121922265.wav,0,0.3076923076923077,0.3076923076923077,0.0,0.0,0
xh_za,click,10459538908304787452.wav,0,0.7142857142857143,0.5714285714285714,-0.1428571428571429,-0.20000000000000007,0
xh_za,click,10470476866411885971.wav,0,0.5,0.6666666666666666,0.16666666666666663,0.33333333333333326,0
xh_za,click,10486071292324504416.wav,0,0.5384615384615384,0.6923076923076923,0.15384615384615385,0.28571428571428575,0
en_us,control,1003119935936341070.wav,0,0.15789473684210525,0.21052631578947367,0.05263157894736842,0.3333333333333333,0
en_us,control,10052240106321793346.wav,0,0.19047619047619047,0.19047619047619047,0.0,0.0,0
en_us,control,10167324587744183095.wav,0,0.09090909090909091,0.09090909090909091,0.0,0.0,0
en_us,control,10197164397713068203.wav,0,0.3333333333333333,0.3333333333333333,0.0,0.0,0
en_us,control,10233995782544396174.wav,0,0.0625,0.125,0.0625,1.0,0
en_us,control,10235738076911595987.wav,0,0.05,0.05,0.0,0.0,0
en_us,control,10323357556845456822.wav,0,0.125,0.125,0.0,0.0,0
en_us,control,10335587906469246566.wav,0,0.0625,0.0625,0.0,0.0,0
en_us,control,10344335557154974057.wav,0,0.17391304347826086,0.21739130434782608,0.043478260869565216,0.25,0
en_us,control,1036771894648013441.wav,0,0.030303030303030304,0.12121212121212122,0.09090909090909091,3.0,0
en_us,control,1038214857203833067.wav,0,0.26666666666666666,0.26666666666666666,0.0,0.0,0
en_us,control,10383288285905292158.wav,0,0.15789473684210525,0.23684210526315788,0.07894736842105263,0.5,0
en_us,control,10405958125670257178.wav,0,0.10344827586206896,0.20689655172413793,0.10344827586206896,1.0,0
en_us,control,10411016628242228511.wav,0,0.13636363636363635,0.18181818181818182,0.04545454545454547,0.3333333333333335,0
en_us,control,1042003289011443756.wav,0,0.0,0.1,0.1,nan,0
en_us,control,1043394666292127188.wav,0,0.029411764705882353,0.08823529411764706,0.05882352941176471,2.0000000000000004,0
en_us,control,1045619486290403122.wav,0,0.07142857142857142,0.07142857142857142,0.0,0.0,0
en_us,control,1046653381869710616.wav,0,0.15789473684210525,0.2631578947368421,0.10526315789473684,0.6666666666666666,0
en_us,control,10471564175308895403.wav,0,0.3333333333333333,0.6666666666666666,0.3333333333333333,1.0,0
en_us,control,10481451226514948764.wav,0,0.1111111111111111,0.3333333333333333,0.2222222222222222,2.0,0
en_us,control,10492135991603561867.wav,0,0.125,0.125,0.0,0.0,0
en_us,control,10492761258488775721.wav,0,0.13043478260869565,0.17391304347826086,0.043478260869565216,0.3333333333333333,0
en_us,control,10536763405165824117.wav,0,0.10526315789473684,0.0,-0.10526315789473684,-1.0,0
en_us,control,1054805305879816018.wav,0,0.06896551724137931,0.10344827586206896,0.034482758620689655,0.5,0
en_us,control,10550734868852131138.wav,0,0.26666666666666666,0.4,0.13333333333333336,0.5000000000000001,0
en_us,control,10614481583312370701.wav,0,0.18181818181818182,0.22727272727272727,0.04545454545454544,0.24999999999999992,0
en_us,control,10622204403793540766.wav,0,0.15789473684210525,0.21052631578947367,0.05263157894736842,0.3333333333333333,0
en_us,control,10731896540541531669.wav,0,0.10714285714285714,0.21428571428571427,0.10714285714285714,1.0,0
en_us,control,10751756685109361684.wav,0,0.17647058823529413,0.23529411764705882,0.05882352941176469,0.3333333333333332,0
en_us,control,10768814098664478369.wav,0,0.30434782608695654,0.5652173913043478,0.26086956521739124,0.8571428571428569,0
fr_fr,control,10043298898524273336.wav,0,0.0,0.05,0.05,nan,0
fr_fr,control,10097171356371990207.wav,0,0.07936507936507936,0.07936507936507936,0.0,0.0,0
fr_fr,control,10138021779681596478.wav,0,0.11538461538461539,0.6153846153846154,0.5,4.333333333333333,0
fr_fr,control,10143749263702132703.wav,0,0.3076923076923077,0.6538461538461539,0.34615384615384615,1.125,0
fr_fr,control,10166091086920486572.wav,0,0.15384615384615385,0.19230769230769232,0.038461538461538464,0.25,0
fr_fr,control,10174413140250646001.wav,0,0.16666666666666666,0.2222222222222222,0.05555555555555555,0.3333333333333333,0
fr_fr,control,10221277978969763776.wav,0,0.35714285714285715,0.39285714285714285,0.0357142857142857,0.09999999999999995,0
fr_fr,control,10334413597118469552.wav,0,0.28,0.28,0.0,0.0,0
fr_fr,control,10385751433252343757.wav,0,0.038461538461538464,0.2692307692307692,0.23076923076923075,5.999999999999999,0
fr_fr,control,10399459061919571703.wav,0,0.0625,0.2708333333333333,0.20833333333333331,3.333333333333333,0
fr_fr,control,10451502537136425109.wav,0,0.09090909090909091,0.24242424242424243,0.15151515151515152,1.6666666666666667,0
fr_fr,control,10473501692975174389.wav,0,0.14285714285714285,0.11428571428571428,-0.028571428571428567,-0.19999999999999998,0
fr_fr,control,10481242713503018126.wav,0,0.17647058823529413,0.35294117647058826,0.17647058823529413,1.0,0
fr_fr,control,10496509281839367149.wav,0,0.22857142857142856,0.2857142857142857,0.057142857142857134,0.24999999999999997,0
fr_fr,control,10550408276028637262.wav,0,0.22727272727272727,0.36363636363636365,0.13636363636363638,0.6000000000000001,0
fr_fr,control,10551999992203614767.wav,0,0.2692307692307692,0.2692307692307692,0.0,0.0,0
fr_fr,control,1057422269812878594.wav,0,0.04225352112676056,0.08450704225352113,0.04225352112676056,1.0,0
fr_fr,control,10583265778505453148.wav,0,0.041666666666666664,0.125,0.08333333333333334,2.0000000000000004,0
fr_fr,control,10603531439273760949.wav,0,0.12903225806451613,0.16129032258064516,0.03225806451612903,0.25,0
fr_fr,control,1063626966878784571.wav,0,0.08333333333333333,0.0,-0.08333333333333333,-1.0,0
fr_fr,control,10677508033193966655.wav,0,0.07407407407407407,0.2222222222222222,0.14814814814814814,2.0,0
fr_fr,control,10703796668246155041.wav,0,0.375,0.375,0.0,0.0,0
fr_fr,control,10709985934106699878.wav,0,0.045454545454545456,0.18181818181818182,0.13636363636363635,2.9999999999999996,0
fr_fr,control,10777874021057022864.wav,0,0.029411764705882353,0.029411764705882353,0.0,0.0,0
fr_fr,control,10876086819338968684.wav,0,0.0,0.42857142857142855,0.42857142857142855,nan,0
fr_fr,control,10879520346624605576.wav,0,0.08695652173913043,0.13043478260869565,0.043478260869565216,0.5,0
fr_fr,control,10926529561499706520.wav,0,0.2413793103448276,0.20689655172413793,-0.03448275862068967,-0.1428571428571429,0
fr_fr,control,10929892609691631011.wav,0,0.12121212121212122,0.15151515151515152,0.030303030303030304,0.25,0
fr_fr,control,10946670521716589729.wav,0,0.35,0.7,0.35,1.0,0
fr_fr,control,10991225759022624703.wav,0,0.11764705882352941,0.35294117647058826,0.23529411764705885,2.0000000000000004,0
de_de,control,10004059102127011984.wav,0,0.16666666666666666,0.2222222222222222,0.05555555555555555,0.3333333333333333,0
de_de,control,10009182821551087671.wav,0,0.09523809523809523,0.09523809523809523,0.0,0.0,0
de_de,control,10014044777125235464.wav,0,0.043478260869565216,0.043478260869565216,0.0,0.0,0
de_de,control,10030056357041867775.wav,0,0.06451612903225806,0.12903225806451613,0.06451612903225806,1.0,0
de_de,control,10058186628567796965.wav,0,0.14285714285714285,0.09523809523809523,-0.047619047619047616,-0.3333333333333333,0
de_de,control,10058299886985225661.wav,0,0.0625,0.0,-0.0625,-1.0,0
de_de,control,10095057775426831514.wav,0,0.08823529411764706,0.058823529411764705,-0.02941176470588236,-0.33333333333333337,0
de_de,control,10159541282515887574.wav,0,0.1111111111111111,0.2777777777777778,0.16666666666666669,1.5000000000000002,0
de_de,control,10166547362714956625.wav,0,0.10526315789473684,0.10526315789473684,0.0,0.0,0
de_de,control,10171859810965764480.wav,0,0.09090909090909091,0.06818181818181818,-0.022727272727272735,-0.25000000000000006,0
de_de,control,10229344228128634115.wav,0,0.058823529411764705,0.058823529411764705,0.0,0.0,0
de_de,control,10240730312646485406.wav,0,0.03125,0.1875,0.15625,5.0,0
de_de,control,10243976286554101786.wav,0,0.043478260869565216,0.08695652173913043,0.043478260869565216,1.0,0
de_de,control,10271188615398617841.wav,0,0.06666666666666667,0.06666666666666667,0.0,0.0,0
de_de,control,10287357790080034783.wav,0,0.0967741935483871,0.16129032258064516,0.06451612903225806,0.6666666666666666,0
de_de,control,10308608197319017935.wav,0,0.0,0.18181818181818182,0.18181818181818182,nan,0
de_de,control,10320843719886214788.wav,0,0.125,0.125,0.0,0.0,0
de_de,control,10342213717361642954.wav,0,0.0,0.16666666666666666,0.16666666666666666,nan,0
de_de,control,10347138311808731867.wav,0,0.0,0.05263157894736842,0.05263157894736842,nan,0
de_de,control,103625751236710165.wav,0,0.35714285714285715,0.5,0.14285714285714285,0.39999999999999997,0
de_de,control,10365333717345563614.wav,0,0.058823529411764705,0.11764705882352941,0.058823529411764705,1.0,0
de_de,control,10371526464884803925.wav,0,0.4166666666666667,0.6666666666666666,0.24999999999999994,0.5999999999999999,0
de_de,control,10376367261184486277.wav,0,0.12727272727272726,0.12727272727272726,0.0,0.0,0
de_de,control,10389623687459114198.wav,0,0.06666666666666667,0.0,-0.06666666666666667,-1.0,0
de_de,control,10394143367436767913.wav,0,0.125,0.16666666666666666,0.04166666666666666,0.33333333333333326,0
de_de,control,10400220672903290490.wav,0,0.0,0.16666666666666666,0.16666666666666666,nan,0
de_de,control,10438132720416552229.wav,0,0.16129032258064516,0.16129032258064516,0.0,0.0,0
de_de,control,10468958335301071458.wav,0,0.15789473684210525,0.21052631578947367,0.05263157894736842,0.3333333333333333,0
de_de,control,10477370799955229240.wav,0,0.0,0.0,0.0,nan,0
de_de,control,10504450071805589678.wav,0,0.11538461538461539,0.2692307692307692,0.15384615384615383,1.333333333333333,0
es_419,control,1001146817223348054.wav,0,0.10344827586206896,0.06896551724137931,-0.034482758620689655,-0.3333333333333333,0
es_419,control,10050510856477907332.wav,0,0.0392156862745098,0.058823529411764705,0.0196078431372549,0.5,0
es_419,control,1008205615316519958.wav,0,0.0,0.0,0.0,nan,0
es_419,control,10084850086754329587.wav,0,0.0,0.0,0.0,nan,0
es_419,control,10107325335956726764.wav,0,0.21428571428571427,0.21428571428571427,0.0,0.0,0
es_419,control,1013662909103347734.wav,0,0.043478260869565216,0.13043478260869565,0.08695652173913043,2.0,0
es_419,control,10149016836336603986.wav,0,0.1111111111111111,0.1111111111111111,0.0,0.0,0
es_419,control,10150624747569080019.wav,0,0.08333333333333333,0.08333333333333333,0.0,0.0,0
es_419,control,10155332265364188477.wav,0,0.0,0.16666666666666666,0.16666666666666666,nan,0
es_419,control,10192388533260519980.wav,0,0.03333333333333333,0.03333333333333333,0.0,0.0,0
es_419,control,10206659851013694932.wav,0,0.041666666666666664,0.08333333333333333,0.041666666666666664,1.0,0
es_419,control,10234623649795772963.wav,0,0.09375,0.09375,0.0,0.0,0
es_419,control,10236991702517253859.wav,0,0.0,0.0,0.0,nan,0
es_419,control,10259154172012782402.wav,0,0.043478260869565216,0.043478260869565216,0.0,0.0,0
es_419,control,10286137499198568147.wav,0,0.08,0.04,-0.04,-0.5,0
es_419,control,10292824205703786391.wav,0,0.0,0.05555555555555555,0.05555555555555555,nan,0
es_419,control,10312331453126623791.wav,0,0.047619047619047616,0.14285714285714285,0.09523809523809523,2.0,0
es_419,control,10315904723874737458.wav,0,0.08,0.16,0.08,1.0,0
es_419,control,10326364514449199568.wav,0,0.05714285714285714,0.08571428571428572,0.028571428571428574,0.5000000000000001,0
es_419,control,10333693975325005728.wav,0,0.0,0.041666666666666664,0.041666666666666664,nan,0
es_419,control,10354312288366679631.wav,0,0.0,0.02702702702702703,0.02702702702702703,nan,0
es_419,control,10366594263663833763.wav,0,0.03125,0.0625,0.03125,1.0,0
es_419,control,10390556751893819479.wav,0,0.03125,0.03125,0.0,0.0,0
es_419,control,10392071693484834973.wav,0,0.041666666666666664,0.041666666666666664,0.0,0.0,0
es_419,control,10449947816395303585.wav,0,0.0,0.0,0.0,nan,0
es_419,control,10482193319000602077.wav,0,0.0,0.0,0.0,nan,0
es_419,control,10492774437691150637.wav,0,0.041666666666666664,0.041666666666666664,0.0,0.0,0
es_419,control,10499606678746249193.wav,0,0.23255813953488372,0.2558139534883721,0.023255813953488386,0.10000000000000006,0
es_419,control,10501369679438238184.wav,0,0.2222222222222222,0.1111111111111111,-0.1111111111111111,-0.5,0
es_419,control,10525086999452368592.wav,0,0.047619047619047616,0.09523809523809523,0.047619047619047616,1.0,0
it_it,control,10000151032537989529.wav,0,0.08333333333333333,0.041666666666666664,-0.041666666666666664,-0.5,0
it_it,control,10011138801715101183.wav,0,0.06451612903225806,0.06451612903225806,0.0,0.0,0
it_it,control,10017896147709177739.wav,0,0.0,0.0,0.0,nan,0
it_it,control,10037759924455051213.wav,0,0.034482758620689655,0.034482758620689655,0.0,0.0,0
it_it,control,1006729518827641482.wav,0,0.0,0.125,0.125,nan,0
it_it,control,10127750728509182272.wav,0,0.06666666666666667,0.06666666666666667,0.0,0.0,0
it_it,control,10159398106668856572.wav,0,0.16666666666666666,0.16666666666666666,0.0,0.0,0
it_it,control,10163392299961827450.wav,0,0.03333333333333333,0.1,0.06666666666666668,2.0000000000000004,0
it_it,control,10166843301601278560.wav,0,0.13043478260869565,0.13043478260869565,0.0,0.0,0
it_it,control,10168148107941542925.wav,0,0.0,0.05263157894736842,0.05263157894736842,nan,0
it_it,control,10173541521390065753.wav,0,0.16666666666666666,0.2222222222222222,0.05555555555555555,0.3333333333333333,0
it_it,control,10210638754804006465.wav,0,0.0,0.0,0.0,nan,0
it_it,control,1021451608744266497.wav,0,0.02857142857142857,0.02857142857142857,0.0,0.0,0
it_it,control,10225734229056439938.wav,0,0.024390243902439025,0.04878048780487805,0.024390243902439025,1.0,0
it_it,control,1024005671072986451.wav,0,0.0967741935483871,0.06451612903225806,-0.03225806451612903,-0.3333333333333333,0
it_it,control,10275928643200034491.wav,0,0.0,0.0,0.0,nan,0
it_it,control,10294884782884582016.wav,0,0.10714285714285714,0.14285714285714285,0.03571428571428571,0.3333333333333333,0
it_it,control,10324513969638088871.wav,0,0.0,0.0,0.0,nan,0
it_it,control,10331901392264121024.wav,0,0.05555555555555555,0.08333333333333333,0.027777777777777776,0.5,0
it_it,control,10363722267618555781.wav,0,0.0625,0.0625,0.0,0.0,0
it_it,control,1040642958705021773.wav,0,0.09523809523809523,0.09523809523809523,0.0,0.0,0
it_it,control,10421376619578532077.wav,0,0.0,0.1,0.1,nan,0
it_it,control,10434945468030652443.wav,0,0.0,0.0,0.0,nan,0
it_it,control,10437794928490533393.wav,0,0.09375,0.125,0.03125,0.3333333333333333,0
it_it,control,10479866160281873942.wav,0,0.1,0.1,0.0,0.0,0
it_it,control,10503040099407806416.wav,0,0.42857142857142855,0.0,-0.42857142857142855,-1.0,0
it_it,control,10529316262657848687.wav,0,0.0,0.0,0.0,nan,0
it_it,control,10536267797820820051.wav,0,0.13636363636363635,0.2727272727272727,0.13636363636363635,1.0,0
it_it,control,10557144981026796249.wav,0,0.03225806451612903,0.03225806451612903,0.0,0.0,0
it_it,control,10568286449112693066.wav,0,0.11764705882352941,0.0,-0.11764705882352941,-1.0,0
pt_br,control,10008174856218516817.wav,0,0.05555555555555555,0.05555555555555555,0.0,0.0,0
pt_br,control,10047022047800689031.wav,0,0.125,0.125,0.0,0.0,0
pt_br,control,10083615766068544069.wav,0,0.4666666666666667,0.4,-0.06666666666666665,-0.14285714285714282,0
pt_br,control,10103427908302527934.wav,0,0.17647058823529413,0.35294117647058826,0.17647058823529413,1.0,0
pt_br,control,10116774789336634117.wav,0,0.18181818181818182,0.09090909090909091,-0.09090909090909091,-0.5,0
pt_br,control,10123292114373653004.wav,0,0.09090909090909091,0.18181818181818182,0.09090909090909091,1.0,0
pt_br,control,10124265429093233069.wav,0,0.06451612903225806,0.03225806451612903,-0.03225806451612903,-0.5,0
pt_br,control,101298017130488094.wav,0,0.0,0.0,0.0,nan,0
pt_br,control,10134749222604455839.wav,0,0.125,0.15625,0.03125,0.25,0
pt_br,control,10181435093488396236.wav,0,0.2,0.15,-0.05000000000000002,-0.25000000000000006,0
pt_br,control,10182869931433112315.wav,0,0.0,0.045454545454545456,0.045454545454545456,nan,0
pt_br,control,10250542229422804450.wav,0,0.0,0.03125,0.03125,nan,0
pt_br,control,10330760965710671860.wav,0,0.05714285714285714,0.11428571428571428,0.05714285714285714,1.0,0
pt_br,control,10336892012774138351.wav,0,0.02857142857142857,0.08571428571428572,0.05714285714285715,2.0000000000000004,0
pt_br,control,10396608688977778715.wav,0,0.038461538461538464,0.07692307692307693,0.038461538461538464,1.0,0
pt_br,control,10447088554932977161.wav,0,0.05263157894736842,0.0,-0.05263157894736842,-1.0,0
pt_br,control,10481332407254391001.wav,0,0.07142857142857142,0.07142857142857142,0.0,0.0,0
pt_br,control,10505166955967423279.wav,0,0.1111111111111111,0.18518518518518517,0.07407407407407407,0.6666666666666666,0
pt_br,control,10556936069191551163.wav,0,0.18181818181818182,0.18181818181818182,0.0,0.0,0
pt_br,control,10559649525180085600.wav,0,0.038461538461538464,0.11538461538461539,0.07692307692307693,2.0,0
pt_br,control,10563386743453394183.wav,0,0.08333333333333333,0.2916666666666667,0.20833333333333337,2.5000000000000004,0
pt_br,control,10572113470910404412.wav,0,0.0,0.0,0.0,nan,0
pt_br,control,10574848004314450267.wav,0,0.14285714285714285,0.07142857142857142,-0.07142857142857142,-0.5,0
pt_br,control,10605163429114699143.wav,0,0.047619047619047616,0.047619047619047616,0.0,0.0,0
pt_br,control,1060610497899453249.wav,0,0.16216216216216217,0.08108108108108109,-0.08108108108108109,-0.5,0
pt_br,control,10614876579633561143.wav,0,0.0,0.0,0.0,nan,0
pt_br,control,10620885591457919777.wav,0,0.18181818181818182,0.18181818181818182,0.0,0.0,0
pt_br,control,10664866445887618820.wav,0,0.0,0.0,0.0,nan,0
pt_br,control,10665671122752108668.wav,0,0.08571428571428572,0.17142857142857143,0.08571428571428572,1.0,0
pt_br,control,10672101029485753340.wav,0,0.030303030303030304,0.06060606060606061,0.030303030303030304,1.0,0
pl_pl,control,10003602174340488201.wav,0,0.0,0.1,0.1,nan,0
pl_pl,control,10013271501230525766.wav,0,0.11764705882352941,0.4117647058823529,0.2941176470588235,2.4999999999999996,0
pl_pl,control,10047713455444904767.wav,0,0.4,0.5,0.09999999999999998,0.24999999999999994,0
pl_pl,control,1005842427933298975.wav,0,0.13333333333333333,0.06666666666666667,-0.06666666666666667,-0.5,0
pl_pl,control,10106656566031527912.wav,0,0.16666666666666666,0.3333333333333333,0.16666666666666666,1.0,0
pl_pl,control,10111380715278909641.wav,0,0.029411764705882353,0.17647058823529413,0.14705882352941177,5.0,0
pl_pl,control,10121623061191828121.wav,0,0.3333333333333333,0.26666666666666666,-0.06666666666666665,-0.19999999999999996,0
pl_pl,control,10128140258686156236.wav,0,0.0,0.0,0.0,nan,0
pl_pl,control,10166331184477401711.wav,0,0.11764705882352941,0.29411764705882354,0.17647058823529413,1.5000000000000002,0
pl_pl,control,10221011798711138812.wav,0,0.10526315789473684,0.15789473684210525,0.05263157894736842,0.5,0
pl_pl,control,10253277489236542287.wav,0,0.13043478260869565,0.21739130434782608,0.08695652173913043,0.6666666666666666,0
pl_pl,control,10265739980183288112.wav,0,0.11764705882352941,0.35294117647058826,0.23529411764705885,2.0000000000000004,0
pl_pl,control,10272446192914218891.wav,0,0.26666666666666666,0.3333333333333333,0.06666666666666665,0.24999999999999994,0
pl_pl,control,10290881139322280989.wav,0,0.16666666666666666,0.5,0.33333333333333337,2.0000000000000004,0
pl_pl,control,10367448033604855133.wav,0,0.625,0.375,-0.25,-0.4,0
pl_pl,control,10375486148133876372.wav,0,0.0,0.1,0.1,nan,0
pl_pl,control,10382354866123125555.wav,0,0.0,0.08333333333333333,0.08333333333333333,nan,0
pl_pl,control,10386602351902756285.wav,0,0.09523809523809523,0.09523809523809523,0.0,0.0,0
pl_pl,control,10430896770348053746.wav,0,0.1111111111111111,0.16666666666666666,0.05555555555555555,0.5,0
pl_pl,control,10458072668248812165.wav,0,0.0,0.0,0.0,nan,0
pl_pl,control,10469666877435921028.wav,0,0.0,0.08333333333333333,0.08333333333333333,nan,0
pl_pl,control,10489056500256181197.wav,0,0.0,0.0,0.0,nan,0
pl_pl,control,10492639571794818767.wav,0,0.25,0.5625,0.3125,1.25,0
pl_pl,control,1051082951598981155.wav,0,0.13043478260869565,0.21739130434782608,0.08695652173913043,0.6666666666666666,0
pl_pl,control,10527988966235886370.wav,0,0.0,0.15,0.15,nan,0
pl_pl,control,10576383990343187177.wav,0,0.0,0.0,0.0,nan,0
pl_pl,control,10577070186203717497.wav,0,0.21428571428571427,0.32142857142857145,0.10714285714285718,0.5000000000000002,0
pl_pl,control,10638759602703488971.wav,0,0.0,0.08333333333333333,0.08333333333333333,nan,0
pl_pl,control,10664388940400967697.wav,0,0.16666666666666666,0.16666666666666666,0.0,0.0,0
pl_pl,control,10670649420264352039.wav,0,0.35,0.25,-0.09999999999999998,-0.28571428571428564,0
nl_nl,control,10042455874761876908.wav,0,0.13333333333333333,0.13333333333333333,0.0,0.0,0
nl_nl,control,1004717084892689357.wav,0,0.07142857142857142,0.07142857142857142,0.0,0.0,0
nl_nl,control,10152288169439514825.wav,0,0.0,0.08333333333333333,0.08333333333333333,nan,0
nl_nl,control,1026022596464059538.wav,0,0.09523809523809523,0.23809523809523808,0.14285714285714285,1.5,0
nl_nl,control,10260784725589620600.wav,0,0.047619047619047616,0.47619047619047616,0.42857142857142855,9.0,0
nl_nl,control,10361960096461262383.wav,0,0.15789473684210525,0.2631578947368421,0.10526315789473684,0.6666666666666666,0
nl_nl,control,10434531962106328123.wav,0,0.25,0.45,0.2,0.8,0
nl_nl,control,1045860544116468662.wav,0,0.27586206896551724,0.41379310344827586,0.13793103448275862,0.5,0
nl_nl,control,10496387467912730230.wav,0,0.0967741935483871,0.0967741935483871,0.0,0.0,0
nl_nl,control,10542528491918739981.wav,0,0.25,0.5,0.25,1.0,0
nl_nl,control,10583244184799490474.wav,0,0.1,0.65,0.55,5.5,0
nl_nl,control,10609614574341295486.wav,0,0.16666666666666666,0.3333333333333333,0.16666666666666666,1.0,0
nl_nl,control,10704092226988509877.wav,0,0.23809523809523808,0.42857142857142855,0.19047619047619047,0.8,0
nl_nl,control,10714560278124907390.wav,0,0.14285714285714285,0.2857142857142857,0.14285714285714285,1.0,0
nl_nl,control,10766895672322781807.wav,0,0.17391304347826086,0.17391304347826086,0.0,0.0,0
nl_nl,control,10811754204846869974.wav,0,0.03225806451612903,0.22580645161290322,0.1935483870967742,6.0,0
nl_nl,control,10828791272316886553.wav,0,0.14285714285714285,0.2619047619047619,0.11904761904761907,0.8333333333333335,0
nl_nl,control,10835134312111561932.wav,0,0.15384615384615385,0.15384615384615385,0.0,0.0,0
nl_nl,control,10875684499820620842.wav,0,0.045454545454545456,0.22727272727272727,0.18181818181818182,4.0,0
nl_nl,control,10880934543743608188.wav,0,0.14285714285714285,0.2857142857142857,0.14285714285714285,1.0,0
nl_nl,control,10930858424682374979.wav,0,0.11764705882352941,0.29411764705882354,0.17647058823529413,1.5000000000000002,0
nl_nl,control,10950234578707540002.wav,0,0.07692307692307693,0.15384615384615385,0.07692307692307693,1.0,0
nl_nl,control,10993291004356673523.wav,0,0.3125,0.3125,0.0,0.0,0
nl_nl,control,10999321545906420250.wav,0,0.07692307692307693,0.23076923076923078,0.15384615384615385,2.0,0
nl_nl,control,11071227874224189676.wav,0,0.0,0.13043478260869565,0.13043478260869565,nan,0
nl_nl,control,11094865500530984042.wav,0,0.0,0.14285714285714285,0.14285714285714285,nan,0
nl_nl,control,11116826150776045056.wav,0,0.0,0.03571428571428571,0.03571428571428571,nan,0
nl_nl,control,11117704854903142151.wav,0,0.3225806451612903,0.3225806451612903,0.0,0.0,0
nl_nl,control,11183719307370607096.wav,0,0.04878048780487805,0.14634146341463414,0.09756097560975609,1.9999999999999998,0
nl_nl,control,11246852713505131235.wav,0,0.16666666666666666,0.23333333333333334,0.06666666666666668,0.4000000000000001,0
cs_cz,control,10008901044567586183.wav,0,0.0,0.13636363636363635,0.13636363636363635,nan,0
cs_cz,control,1002073590577418943.wav,0,0.09090909090909091,0.22727272727272727,0.13636363636363635,1.4999999999999998,0
cs_cz,control,10052415980208464164.wav,0,0.125,0.1875,0.0625,0.5,0
cs_cz,control,10052420421979224027.wav,0,0.0,0.14285714285714285,0.14285714285714285,nan,0
cs_cz,control,10054700432466994319.wav,0,0.04,0.12,0.07999999999999999,1.9999999999999996,0
cs_cz,control,10153555532427856084.wav,0,0.08333333333333333,0.08333333333333333,0.0,0.0,0
cs_cz,control,10221097231757001300.wav,0,0.14285714285714285,0.2857142857142857,0.14285714285714285,1.0,0
cs_cz,control,10221738222866324528.wav,0,0.07407407407407407,0.14814814814814814,0.07407407407407407,1.0,0
cs_cz,control,10228936525227633964.wav,0,0.17647058823529413,0.5294117647058824,0.3529411764705882,1.9999999999999998,0
cs_cz,control,10265457115990942682.wav,0,0.06666666666666667,0.2,0.13333333333333336,2.0000000000000004,0
cs_cz,control,10281706950905429853.wav,0,0.07692307692307693,0.07692307692307693,0.0,0.0,0
cs_cz,control,10319190415986374457.wav,0,0.0,0.21052631578947367,0.21052631578947367,nan,0
cs_cz,control,10353510169897203356.wav,0,0.09090909090909091,0.45454545454545453,0.36363636363636365,4.0,0
cs_cz,control,10396840939149990214.wav,0,0.0,0.16666666666666666,0.16666666666666666,nan,0
cs_cz,control,10424601897639740167.wav,0,0.15789473684210525,0.10526315789473684,-0.05263157894736842,-0.3333333333333333,0
cs_cz,control,10449063628095097600.wav,0,0.42857142857142855,0.5238095238095238,0.09523809523809529,0.22222222222222235,0
cs_cz,control,10456869065098740617.wav,0,0.05555555555555555,0.4444444444444444,0.38888888888888884,6.999999999999999,0
cs_cz,control,1046454661037945424.wav,0,0.0625,0.375,0.3125,5.0,0
cs_cz,control,10483800940820729736.wav,0,0.13333333333333333,0.16666666666666666,0.033333333333333326,0.24999999999999994,0
cs_cz,control,10536307417697686214.wav,0,0.2857142857142857,0.3333333333333333,0.047619047619047616,0.16666666666666666,0
cs_cz,control,10541617516173790866.wav,0,0.46153846153846156,0.46153846153846156,0.0,0.0,0
cs_cz,control,10564659778668780259.wav,0,0.0,0.15384615384615385,0.15384615384615385,nan,0
cs_cz,control,10611368826341130240.wav,0,0.22727272727272727,0.22727272727272727,0.0,0.0,0
cs_cz,control,10619093676843568367.wav,0,0.0,0.05263157894736842,0.05263157894736842,nan,0
cs_cz,control,10681429783823013113.wav,0,0.1111111111111111,0.2222222222222222,0.1111111111111111,1.0,0
cs_cz,control,10711023240788463910.wav,0,0.0,0.05714285714285714,0.05714285714285714,nan,0
cs_cz,control,10741576046498961226.wav,0,0.5454545454545454,0.45454545454545453,-0.09090909090909088,-0.16666666666666663,0
cs_cz,control,10802181859566262242.wav,0,0.11764705882352941,0.11764705882352941,0.0,0.0,0
cs_cz,control,10803083342773412393.wav,0,0.1875,0.1875,0.0,0.0,0
cs_cz,control,10810476608347483092.wav,0,0.0967741935483871,0.25806451612903225,0.16129032258064516,1.6666666666666667,0
ar_eg,exploratory,10019390257075855641.wav,0,0.5,0.5,0.0,0.0,0
ar_eg,exploratory,10035416633083120372.wav,0,0.3333333333333333,0.3,-0.033333333333333326,-0.09999999999999998,0
ar_eg,exploratory,10080665469720750912.wav,0,0.19230769230769232,0.23076923076923078,0.038461538461538464,0.2,0
ar_eg,exploratory,1021284281927612037.wav,0,0.05555555555555555,0.1111111111111111,0.05555555555555555,1.0,0
ar_eg,exploratory,10219273669592698682.wav,0,0.08333333333333333,0.16666666666666666,0.08333333333333333,1.0,0
ar_eg,exploratory,10223562251993082117.wav,0,0.13793103448275862,0.1724137931034483,0.03448275862068967,0.2500000000000001,0
ar_eg,exploratory,10340788584398631536.wav,0,0.6111111111111112,0.6666666666666666,0.05555555555555547,0.09090909090909076,0
ar_eg,exploratory,1035166469684084794.wav,0,0.23684210526315788,0.2894736842105263,0.052631578947368446,0.22222222222222235,0
ar_eg,exploratory,10361044285640817256.wav,0,0.3076923076923077,0.5384615384615384,0.23076923076923073,0.7499999999999998,0
ar_eg,exploratory,10366294495925707527.wav,0,0.5172413793103449,0.5517241379310345,0.03448275862068961,0.06666666666666658,0
ar_eg,exploratory,10372562911047932559.wav,0,0.2222222222222222,0.2962962962962963,0.07407407407407407,0.3333333333333333,0
ar_eg,exploratory,10394942145902478734.wav,0,0.045454545454545456,0.09090909090909091,0.045454545454545456,1.0,0
ar_eg,exploratory,10427622000895658817.wav,0,0.23809523809523808,0.3333333333333333,0.09523809523809523,0.4,0
ar_eg,exploratory,10459237854135592487.wav,0,0.1,0.1,0.0,0.0,0
ar_eg,exploratory,10482686991657251883.wav,0,0.125,0.1875,0.0625,0.5,0
ar_eg,exploratory,10577380305752320533.wav,0,0.3103448275862069,0.3793103448275862,0.06896551724137928,0.22222222222222213,0
ar_eg,exploratory,10596565837933488636.wav,0,0.19047619047619047,0.38095238095238093,0.19047619047619047,1.0,0
ar_eg,exploratory,10634940561331464457.wav,0,0.07692307692307693,0.15384615384615385,0.07692307692307693,1.0,0
ar_eg,exploratory,10726395627256131145.wav,0,0.4482758620689655,0.5517241379310345,0.10344827586206895,0.23076923076923073,0
ar_eg,exploratory,10863341459609935739.wav,0,0.08333333333333333,0.25,0.16666666666666669,2.0000000000000004,0
ar_eg,exploratory,10893642191705398473.wav,0,0.19047619047619047,0.2857142857142857,0.09523809523809523,0.5,0
ar_eg,exploratory,10931408018112302309.wav,0,0.17647058823529413,0.23529411764705882,0.05882352941176469,0.3333333333333332,0
ar_eg,exploratory,11139143967292231503.wav,0,0.05555555555555555,0.0,-0.05555555555555555,-1.0,0
ar_eg,exploratory,11186992850652335587.wav,0,0.3684210526315789,0.5789473684210527,0.21052631578947373,0.5714285714285716,0
ar_eg,exploratory,11187297241957533844.wav,0,0.26666666666666666,0.26666666666666666,0.0,0.0,0
ar_eg,exploratory,11227987955646784069.wav,0,0.2,0.2,0.0,0.0,0
ar_eg,exploratory,11293056949208622156.wav,0,0.22727272727272727,0.2727272727272727,0.04545454545454544,0.19999999999999996,0
ar_eg,exploratory,11349671828505425884.wav,0,0.38461538461538464,0.46153846153846156,0.07692307692307693,0.2,0
ar_eg,exploratory,11364966518482896810.wav,0,0.6153846153846154,0.8461538461538461,0.23076923076923073,0.3749999999999999,0
ar_eg,exploratory,1145014263517642240.wav,0,0.17647058823529413,0.47058823529411764,0.2941176470588235,1.6666666666666663,0
