mode,prompt,offset_cents,n_frames,out_offset_cents,resultant,positions
text,"solo piano, slow ballad",nan,307,99.34567742149073,0.46802289869832214,97.3;78.0;97.0;98.3;96.4;91.7;84.0;18.3;17.0;88.2;9.5;93.4;7.8;3.1;48.7;10.8;63.0;24.6;80.8;21.3;30.2;23.1;55.5;24.8;22.3;32.8;36.8;30.6;29.8;39.0;97.8;41.1;97.5;76.8;68.4;95.3;84.5;78.6;14.6;91.9;95.5;10.1;4.7;99.0;5.2;43.2;66.9;54.3;73.7;67.4;59.4;75.8;76.7;52.1;82.8;75.0;95.9;73.7;76.1;13.6;88.2;79.9;73.9;53.4;84.2;74.1;1.9;73.9;77.4;87.0;19.4;35.8;2.9;17.8;66.1;47.1;13.3;34.3;84.8;82.8;95.7;89.1;64.2;9.2;12.5;7.9;6.8;28.4;58.3;45.9;53.1;48.2;22.0;50.3;33.0;28.2;14.0;24.3;23.0;92.7;100.0;76.4;82.9;0.3;94.1;90.6;96.3;92.5;94.4;94.8;3.5;1.0;96.3;4.5;89.9;88.9;45.5;11.1;97.0;16.8;21.3;18.9;25.6;18.6;22.6;81.9;94.8;65.7;51.8;17.1;77.0;14.2;95.3;5.2;8.5;6.0;4.0;3.0;89.3;96.2;99.7;3.3;98.8;97.8;97.6;99.0;97.7;17.7;17.1;21.2;17.4;9.5;9.5;16.9;10.5;1.3;94.3;88.9;86.6;66.2;45.5;18.6;5.8;3.7;8.2;10.7;79.0;97.8;96.6;79.7;98.5;94.3;92.2;81.3;59.4;85.3;80.8;81.8;93.6;88.1;91.1;63.5;93.6;90.8;92.7;79.0;50.4;45.1;84.1;81.6;76.3;71.7;58.3;22.3;94.5;1.6;3.1;2.5;3.2;3.4;2.7;4.0;3.2;1.7;2.4;1.4;4.0;2.7;3.3;8.0;3.6;7.9;5.2;5.7;3.4;4.7;4.1;9.2;19.0;72.5;84.9;77.4;89.3;91.1;26.3;11.1;10.8;7.6;10.6;15.3;98.8;99.1;88.3;86.5;88.7;2.4;96.9;84.7;9.4;15.1;37.5;10.1;0.7;90.4;1.3;3.8;0.7;87.0;87.1;94.6;94.9;91.7;30.4;93.3;98.4;1.8;8.2;5.5;95.6;1.0;99.4;97.5;2.9;96.3;96.9;3.4;95.8;6.8;8.6;83.9;61.0;50.7;72.2;1.8;11.7;95.5;3.4;13.7;16.7;18.9;56.4;53.3;80.5;21.6;50.0;86.1;36.7;21.0;14.3;9.0;7.8;12.0;7.1;7.1;99.0;0.0;7.3;77.2;71.7;69.0;72.9;0.5;3.5;2.8;99.4;93.7;85.9
text,acoustic guitar fingerpicking,nan,300,44.376971368700005,0.14803010823619447,44.4;5.4;25.7;1.4;56.0;96.4;23.3;81.7;13.1;70.3;93.1;61.2;15.8;95.8;91.2;2.2;82.0;0.1;85.9;75.6;22.4;86.0;93.0;10.7;94.4;12.5;58.5;5.0;77.8;27.1;57.6;57.3;47.7;14.3;94.3;65.3;53.2;60.9;25.3;74.5;63.7;37.1;98.8;96.1;95.5;95.0;93.3;4.1;50.9;95.8;73.0;65.0;5.2;99.7;1.4;99.0;57.2;85.1;1.2;96.7;76.3;94.8;97.8;1.5;96.8;98.0;98.8;98.8;94.7;96.8;96.7;92.7;61.6;64.1;66.7;2.2;95.6;8.0;1.7;57.1;59.0;0.0;7.8;10.7;2.1;4.8;1.3;58.6;57.6;56.8;3.4;59.3;52.5;57.1;50.4;6.8;6.8;3.2;61.0;94.9;4.3;56.1;9.9;40.5;5.9;3.1;9.2;41.7;40.3;7.1;7.9;42.4;39.5;92.1;41.4;3.4;6.2;57.7;2.7;8.0;8.0;7.2;5.4;7.2;50.1;4.0;59.0;4.4;50.9;50.2;59.5;50.7;14.3;40.9;43.2;50.0;40.3;51.8;46.8;44.7;44.9;42.5;48.6;8.9;33.2;26.3;63.6;51.9;25.3;15.9;28.6;42.5;30.2;37.4;26.3;36.9;33.0;46.9;38.4;32.9;34.9;34.1;41.9;23.3;35.3;18.0;39.6;27.4;35.2;33.0;46.6;43.7;35.9;48.4;32.0;50.2;25.1;39.1;23.1;14.8;51.4;15.0;35.8;12.0;66.9;14.6;19.1;72.8;63.3;59.5;16.0;19.3;13.6;59.5;56.0;15.4;71.6;62.4;53.1;30.0;20.2;66.7;50.2;43.8;35.7;36.1;30.7;51.4;35.1;52.0;66.4;50.2;47.9;15.1;72.2;52.9;49.0;35.7;76.0;49.5;55.8;44.2;36.6;74.1;42.2;54.8;53.2;68.1;69.1;79.3;70.1;36.7;20.5;20.8;64.0;52.3;66.5;55.4;65.9;62.6;82.5;59.8;51.2;42.8;35.9;16.7;46.1;50.3;31.5;19.4;48.8;48.7;47.3;48.3;56.2;42.9;54.9;53.3;75.4;59.3;50.2;42.7;14.5;89.0;13.8;58.7;18.3;63.8;15.2;64.7;54.9;13.5;85.2;76.4;60.8;57.0;76.4;70.3;49.2;37.1;16.5;79.2;60.1;50.0;62.6;18.8;73.5;48.3;54.8;44.7;79.5;50.0;63.6;36.3;17.3;67.8;50.6;47.6;54.6;64.6
text,"string quartet, andante",nan,309,99.3124288694313,0.5627348477022875,43.1;27.0;59.6;55.8;59.0;61.7;93.5;16.7;93.8;91.4;90.0;92.2;94.8;4.3;97.3;97.8;97.7;98.8;2.6;37.8;15.0;25.9;34.3;59.4;87.2;68.7;21.5;16.1;15.2;22.3;91.4;95.9;99.0;98.9;98.5;98.5;98.6;91.8;96.1;1.1;2.4;2.4;2.8;2.2;2.5;3.3;4.7;2.5;2.7;1.9;98.4;38.2;91.8;3.1;6.4;10.2;14.0;16.9;89.9;56.0;74.9;98.7;93.8;90.3;69.6;3.2;37.2;35.6;30.8;96.0;95.9;88.0;96.1;86.2;97.7;92.0;95.9;93.2;97.4;97.5;97.8;96.5;95.4;97.1;99.9;2.7;93.6;42.1;9.0;17.8;88.2;93.9;94.7;94.4;50.1;47.1;19.5;44.4;95.3;4.1;97.9;3.6;97.2;99.8;6.6;4.9;12.3;11.0;0.2;9.2;87.3;10.1;90.9;66.1;12.5;68.6;7.2;34.6;90.2;60.2;84.5;84.0;72.2;64.6;2.3;0.6;8.4;6.9;3.8;7.4;8.7;10.4;26.1;90.6;94.0;92.5;90.3;89.0;87.6;96.2;99.2;95.8;86.0;85.7;96.5;6.5;0.1;12.0;8.6;16.1;15.1;7.9;13.3;13.3;96.0;9.9;11.5;99.4;97.5;20.5;98.3;0.0;1.5;2.6;3.6;98.1;4.6;4.0;94.4;2.5;93.7;2.9;98.1;3.5;4.4;6.8;8.4;8.4;19.4;16.2;97.2;6.5;72.1;76.2;80.9;85.9;91.3;5.7;4.8;81.6;54.8;48.1;77.9;5.6;6.6;9.5;14.2;9.1;14.9;51.4;18.0;83.5;92.0;87.9;96.4;65.4;93.6;14.9;9.8;12.8;20.1;5.7;80.8;28.2;4.1;4.9;91.2;4.9;2.7;98.3;92.8;99.5;83.5;1.6;0.2;0.1;1.1;3.2;99.5;84.8;79.4;44.6;62.0;83.7;78.4;75.0;74.9;66.0;67.2;82.1;76.3;77.9;93.4;60.1;33.9;34.5;21.2;13.8;9.5;12.8;19.2;61.3;35.5;39.6;98.0;24.6;93.6;6.1;4.2;63.1;75.1;37.8;2.2;3.2;7.7;53.4;87.4;77.0;82.2;61.1;38.2;94.5;94.7;82.5;94.9;80.8;68.0;99.4;97.9;76.1;94.0;84.7;94.5;8.7;3.0;91.6;14.4;85.0;89.2;95.6;90.9;1.4;12.7;97.1;3.4;12.2;3.2;22.8;6.6;6.9;84.8;83.1;3.5;85.6;99.0;1.5;3.5;20.5;90.9
text,jazz trio with upright bass,nan,257,77.66572789194102,0.02287591353043575,40.6;66.9;61.9;95.9;88.7;1.5;98.5;10.5;97.2;48.9;82.7;66.7;98.7;24.5;11.1;98.8;56.3;64.7;94.5;2.5;11.6;20.6;84.0;18.5;8.2;10.8;98.7;89.8;5.8;24.1;6.2;28.3;9.8;13.8;95.8;39.9;5.9;61.3;76.0;93.8;5.9;7.5;4.8;6.3;13.0;5.4;89.9;86.4;18.5;40.5;29.4;42.2;36.2;29.4;28.4;85.2;19.2;58.6;46.8;97.5;43.9;60.3;64.9;26.8;80.3;73.4;1.3;8.6;31.8;60.3;63.6;29.7;61.4;91.0;71.5;64.0;61.6;20.3;94.8;74.4;2.7;89.9;5.4;96.6;90.2;71.1;89.6;69.4;55.8;91.1;30.3;62.9;97.6;90.5;59.8;50.3;21.3;19.2;20.9;23.8;66.1;85.9;4.9;65.0;65.7;76.7;72.4;88.3;76.1;30.4;47.7;37.4;78.9;8.7;98.7;46.4;77.4;33.0;73.8;29.2;68.4;87.2;84.4;87.1;63.8;27.2;47.6;51.2;36.1;47.7;57.2;62.0;14.0;62.8;51.1;91.7;4.5;36.5;61.5;16.7;25.2;46.0;19.0;5.7;57.9;53.8;87.3;40.3;78.4;86.0;94.0;17.5;60.5;90.1;86.9;62.6;28.0;40.6;73.8;98.7;69.2;46.2;55.5;63.9;10.5;38.0;41.5;47.7;92.1;26.2;89.1;79.3;67.6;26.4;7.9;70.2;29.3;48.9;86.4;2.7;55.3;34.1;53.7;38.8;29.6;63.2;20.8;23.4;54.8;27.4;45.3;52.2;48.8;3.5;80.0;66.4;2.5;64.3;35.3;1.4;19.9;23.1;15.6;44.9;94.1;85.5;97.1;70.1;32.8;52.4;29.6;66.3;57.2;1.4;82.6;53.4;92.9;32.3;8.2;50.6;73.5;9.4;35.7;54.5;73.0;43.8;70.9;77.2;45.1;56.1;60.3;49.3;17.9;2.4;80.6;85.5;46.6;41.4;82.3;11.5;98.6;27.9;27.6;46.1;90.5;53.9;82.6;52.0;84.7;49.5;18.0;42.5;71.2;24.5;31.5;56.3;9.1
text,synth pop with a bright lead,nan,276,6.160148240649921,0.5999793176320354,15.2;7.3;6.6;7.4;6.3;2.9;3.1;9.9;6.0;3.7;2.6;4.0;2.6;9.9;13.4;9.4;4.4;12.0;97.1;73.7;80.1;11.6;10.0;6.6;11.8;77.8;3.3;2.0;7.3;12.5;24.2;14.1;14.1;86.0;7.5;7.3;86.4;36.7;29.7;13.4;11.2;13.9;8.8;12.4;59.6;13.5;11.9;8.1;10.8;9.3;28.2;8.4;7.8;8.2;6.2;4.2;93.0;26.6;16.3;12.1;12.2;13.3;13.6;11.6;0.9;8.3;7.5;4.0;2.1;6.1;17.6;17.1;14.9;13.9;10.1;9.5;6.6;20.6;17.2;85.2;11.9;10.3;8.5;17.5;77.5;11.5;9.4;8.4;5.3;47.8;57.7;58.1;56.1;86.3;85.9;2.7;90.8;71.1;61.9;23.1;29.4;55.9;11.3;13.3;13.0;10.0;97.7;9.9;6.3;7.8;5.6;6.4;6.1;45.0;2.3;21.6;5.2;99.8;2.7;17.7;10.4;9.3;8.7;8.6;7.9;20.8;73.7;49.7;12.6;89.8;96.7;10.1;93.3;75.4;0.8;7.3;9.4;24.6;4.0;7.9;17.1;23.0;3.8;12.9;97.5;16.0;8.8;85.5;4.0;44.1;55.2;41.6;91.6;0.0;7.2;16.3;96.5;92.8;5.8;66.9;19.9;95.3;23.3;91.5;16.0;98.4;18.7;25.2;57.6;95.0;14.5;25.3;40.0;27.1;4.7;49.7;31.1;84.3;73.9;4.2;79.0;39.6;56.0;16.3;82.5;34.6;34.8;76.8;16.2;26.5;78.6;6.6;61.3;85.7;74.7;67.8;93.9;92.0;1.3;69.4;2.1;4.9;3.2;75.7;15.1;54.6;96.7;73.3;29.2;4.6;91.4;80.0;66.1;33.1;3.3;2.6;2.6;4.6;24.7;28.6;96.5;86.9;31.5;1.6;8.5;12.2;96.1;98.0;2.3;99.6;97.6;13.8;5.2;99.6;31.3;96.9;2.1;0.7;6.9;97.9;3.4;0.6;1.4;99.4;99.5;5.5;1.3;97.8;95.1;14.7;2.8;8.8;1.9;0.6;2.3;99.5;98.9;3.0;1.8;1.4;0.9;6.3;84.1;46.6;27.2;36.5;3.0;8.7;3.7;0.6;0.9;1.4;2.9;0.4;1.4;2.6
text,folk song with violin,nan,309,4.317909320948897,0.615151943037424,9.7;8.2;12.9;12.0;10.7;78.3;20.3;29.3;25.9;25.0;21.5;19.6;14.6;17.9;21.4;23.1;23.1;77.4;88.1;1.8;15.5;8.0;9.0;8.0;8.8;42.2;68.6;5.5;25.4;20.1;51.9;81.9;91.3;91.8;98.2;97.7;8.7;9.6;2.2;4.3;3.6;3.8;4.7;3.7;2.3;0.5;8.1;15.0;16.3;16.9;12.4;17.5;20.6;21.0;13.2;10.4;11.7;51.5;19.0;57.5;83.8;10.3;9.0;11.1;10.2;4.4;8.8;8.7;5.3;7.1;9.8;99.9;5.5;98.9;91.6;95.0;7.2;5.6;5.2;3.1;8.5;9.5;4.1;11.3;8.2;12.2;3.6;5.0;10.8;5.9;3.2;2.5;7.3;2.7;7.7;18.6;90.2;79.4;99.1;99.2;94.8;99.2;94.5;5.6;98.8;0.8;11.0;30.9;41.4;2.7;97.6;12.5;96.6;6.3;89.6;37.7;98.0;91.0;6.8;7.2;11.2;19.2;4.1;21.9;18.2;93.8;61.5;71.7;55.0;8.3;0.0;7.5;3.2;96.3;73.9;4.5;30.3;4.1;13.8;14.2;6.5;8.5;13.5;12.3;92.5;11.2;9.2;21.7;92.5;97.5;90.6;8.7;24.7;14.8;6.0;91.2;87.5;50.4;50.4;5.1;38.3;87.2;1.9;5.8;8.3;29.6;90.9;88.8;69.2;81.0;71.4;72.2;80.0;22.2;86.0;16.6;4.5;3.4;99.3;6.3;92.7;4.6;17.4;10.4;5.8;3.3;92.6;69.6;93.5;90.9;88.0;56.2;76.2;98.5;87.1;87.3;84.8;92.0;28.7;95.6;85.9;91.2;84.6;15.1;97.5;15.3;75.3;83.6;83.1;79.3;74.0;85.3;41.5;96.4;0.0;2.0;3.0;4.1;4.8;5.2;2.1;4.4;3.0;99.5;1.2;4.7;5.3;3.1;100.0;1.1;8.3;11.1;13.2;10.7;8.0;6.5;10.8;21.0;16.7;9.3;7.7;12.5;5.3;15.0;8.3;7.7;15.2;6.0;6.9;6.7;76.3;63.5;21.0;12.8;45.1;59.2;48.5;15.9;89.1;40.3;39.3;17.0;99.6;1.0;18.3;87.1;84.3;26.2;15.6;75.1;13.6;63.0;13.9;99.0;97.3;87.3;26.7;83.9;39.7;81.6;95.7;3.8;99.7;0.6;68.7;70.5;76.7;28.2;86.8;44.5;94.4;99.0;0.5;6.1;4.1;1.1;2.4;2.2;3.3;99.4;3.0;3.3;1.8;1.9;3.2;2.9;1.7;99.5;7.7
text,church organ chorale,nan,272,11.319193248436134,0.8809762661243742,10.6;11.4;10.5;11.6;0.3;10.7;11.0;14.6;6.2;7.2;6.7;2.0;9.4;7.5;24.4;18.8;16.4;6.5;11.1;8.7;5.5;11.3;21.7;19.5;6.2;97.6;20.6;20.0;19.6;19.9;19.1;21.8;88.9;20.9;23.8;15.9;3.5;3.3;5.4;21.0;27.8;18.7;28.6;6.1;14.0;17.3;23.5;23.2;18.9;18.8;10.5;14.2;14.8;10.9;29.9;5.3;10.2;0.3;9.4;8.4;8.2;13.9;11.8;10.6;9.7;10.3;9.6;9.9;11.1;0.4;11.7;13.7;13.9;14.4;16.1;20.5;16.3;16.4;16.5;13.1;13.7;11.7;13.7;15.6;11.6;12.0;15.6;13.8;13.8;10.6;10.6;15.1;15.5;14.2;12.0;11.3;99.3;94.6;5.8;3.4;93.9;7.1;4.1;17.6;15.4;21.0;0.2;98.7;1.6;10.3;92.2;25.6;32.6;38.4;30.0;7.5;5.8;4.2;7.2;10.8;12.3;10.4;7.2;7.5;7.4;96.6;3.3;10.3;11.3;12.3;11.0;4.3;7.9;10.2;12.9;10.8;9.1;7.9;9.2;7.5;12.8;11.0;11.9;14.4;7.6;4.5;10.1;9.3;10.3;10.1;8.6;7.7;3.2;10.6;14.4;8.1;11.0;7.3;11.6;7.9;5.2;10.9;3.5;12.2;13.1;8.8;3.7;7.6;97.2;35.9;9.2;1.0;19.0;14.0;17.0;11.5;11.3;12.0;21.4;14.4;11.5;6.7;95.4;12.1;13.1;12.8;22.3;20.0;18.6;22.5;19.4;18.5;15.3;19.5;9.5;11.2;66.4;13.2;47.7;17.1;17.1;14.0;14.0;12.6;12.2;19.5;14.6;11.1;4.4;2.6;0.5;10.9;12.0;12.1;15.8;10.9;1.2;8.0;8.8;5.5;3.2;2.3;8.5;1.8;1.0;15.7;52.1;15.1;9.5;17.6;10.6;9.2;96.5;12.7;10.1;26.7;18.8;12.5;6.6;98.5;49.4;23.7;6.8;19.4;13.0;6.5;8.4;89.2;19.4;9.4;8.1;13.9;8.5;8.1;7.8;6.5;6.9;10.8;8.3;12.1;9.2;14.0;10.7;10.4;11.3;8.0;9.6;12.3;9.2;11.3;16.8;7.9
text,bluegrass with banjo and fiddle,nan,307,99.74300713539277,0.9048781089529548,0.9;2.6;95.7;97.4;97.2;0.9;1.7;99.3;97.4;97.2;99.1;99.9;98.9;2.6;98.2;91.0;97.8;97.4;97.4;96.5;99.8;98.3;13.5;99.2;98.4;6.1;4.3;2.4;15.4;99.9;0.7;0.6;90.7;97.3;98.2;97.0;99.7;0.3;98.5;99.2;97.7;99.2;97.8;96.3;99.3;97.0;97.0;96.7;96.0;96.2;95.9;96.6;99.2;99.7;99.4;92.3;99.5;0.9;97.5;97.8;97.6;89.2;95.8;96.6;96.4;1.0;0.4;99.0;94.3;96.7;98.5;98.7;95.6;97.9;98.6;99.8;99.8;2.0;3.4;3.2;2.1;97.9;37.9;0.2;98.5;92.5;89.8;96.6;99.0;2.7;5.6;5.8;7.0;4.8;11.2;4.5;0.6;0.7;1.3;1.0;3.7;90.8;69.1;51.7;0.2;1.8;0.9;7.2;3.3;4.0;3.8;2.1;97.2;98.2;57.7;99.1;2.2;2.6;95.2;98.4;94.6;97.9;99.6;98.1;99.1;1.8;98.9;94.7;99.4;0.5;96.7;96.3;0.5;3.7;12.0;0.8;2.5;98.8;95.0;99.0;97.9;98.9;99.4;98.3;98.3;99.5;99.3;99.1;98.7;98.3;98.4;99.8;99.9;97.2;91.0;0.4;0.6;83.4;1.2;0.8;3.2;3.4;0.2;99.9;7.4;97.9;0.3;94.0;98.2;98.2;98.5;98.7;97.7;77.4;95.9;98.5;98.2;97.7;99.8;98.1;11.2;13.5;99.9;95.3;19.8;97.8;96.9;98.7;0.1;96.3;98.8;99.9;98.6;97.9;99.6;99.6;98.6;98.4;1.1;99.8;99.6;99.6;98.5;99.7;98.9;99.5;2.4;1.0;18.9;7.4;99.5;99.6;100.0;98.3;12.3;9.9;98.9;99.7;99.0;95.5;0.0;0.0;97.2;99.2;98.5;98.8;0.2;2.0;1.1;98.7;97.3;1.0;99.1;97.1;96.9;97.0;99.3;1.1;4.4;8.8;0.2;96.3;1.9;93.9;98.5;98.5;59.9;2.2;87.0;77.4;88.6;82.5;5.9;0.4;99.0;0.9;94.7;99.3;97.8;98.4;31.2;9.1;97.8;99.3;10.0;11.8;99.4;97.9;46.1;53.5;17.0;94.3;98.0;16.1;13.6;14.7;11.2;93.6;99.2;1.2;99.8;99.1;99.7;97.4;98.7;2.2;0.6;2.2;99.8;5.7;97.6;96.4;98.1;95.0;99.4;98.0;99.0;99.8;2.3;4.2;1.8;0.4;0.6;3.5;14.3;13.3;99.3
text,orchestral film theme,nan,309,99.19062903034687,0.9680410029597228,90.7;98.4;95.1;95.0;96.4;97.8;99.1;96.3;96.6;99.4;98.3;98.6;97.7;91.7;92.8;91.3;92.9;98.7;2.0;95.9;98.6;98.0;95.1;94.8;95.4;89.9;93.9;90.4;92.9;89.2;90.3;91.4;94.1;92.0;94.3;94.9;97.5;97.3;97.8;95.5;96.5;97.6;98.4;98.9;96.5;97.0;97.2;97.5;94.8;98.4;96.9;95.5;97.6;97.4;95.5;96.3;100.0;99.8;99.3;97.5;98.5;97.1;97.5;99.1;97.5;96.5;98.9;92.9;96.7;99.8;98.4;97.4;98.4;2.0;95.0;97.8;94.9;97.4;98.9;2.4;8.8;2.6;99.7;0.1;99.2;0.6;1.3;99.7;1.2;2.7;0.3;5.8;4.7;3.0;1.2;97.1;99.9;3.5;2.9;1.1;3.2;1.4;96.5;2.1;0.3;0.1;2.2;5.4;1.0;95.7;97.6;99.7;2.1;99.5;0.1;98.7;96.2;2.2;1.3;98.8;1.9;1.5;2.5;0.1;97.9;93.8;98.9;97.2;95.7;1.6;97.6;1.9;97.6;1.8;99.3;0.4;98.1;0.9;1.5;1.8;99.2;98.5;99.4;0.2;1.2;99.8;2.6;2.7;1.2;99.1;1.7;98.6;99.9;97.5;2.6;3.3;3.4;4.2;0.6;1.5;0.4;99.9;98.4;2.5;98.4;1.4;1.6;0.7;99.9;99.1;0.3;2.4;2.7;0.9;0.3;2.5;1.3;1.3;3.9;2.2;1.9;2.3;1.4;1.4;2.8;0.9;0.1;3.8;2.0;2.5;2.1;1.8;2.0;0.7;98.1;1.6;2.5;99.7;1.0;0.7;0.6;2.0;1.4;0.7;2.3;2.2;1.3;1.5;1.4;1.1;1.5;0.8;1.3;4.8;1.9;1.9;2.7;1.4;2.7;0.9;4.0;4.0;3.1;3.6;3.8;4.7;1.6;1.1;1.5;99.4;98.3;2.8;1.3;2.3;4.3;3.4;3.1;7.8;7.8;3.1;99.5;96.4;98.7;3.0;3.1;99.6;1.8;39.6;91.7;96.1;95.7;97.9;6.7;1.8;1.9;99.9;98.5;0.1;91.8;2.2;0.5;3.2;99.9;93.9;96.2;95.8;96.5;93.1;98.0;99.0;95.2;95.1;92.0;96.5;13.8;1.7;89.7;89.7;91.5;94.6;97.3;95.7;95.4;97.4;0.9;5.1;1.9;88.9;90.7;93.2;95.6;98.0;98.8;93.3;97.2;91.4;2.8;97.3;94.5;1.1;93.8;99.6;95.6;98.1;95.8;95.3;98.4;95.0;99.9
text,ambient pad with slow melody,nan,309,4.686888068549927,0.3340308680018145,14.8;68.2;73.0;78.2;98.0;75.3;37.3;39.1;2.6;45.2;51.6;34.3;72.6;12.0;36.5;2.6;97.4;11.8;24.7;16.9;28.7;80.6;29.2;30.5;95.9;23.6;97.1;1.9;13.8;13.4;99.7;20.7;0.8;97.6;80.0;6.2;10.9;24.0;5.2;6.3;1.6;11.5;5.3;94.1;29.2;64.4;32.7;98.7;71.4;84.3;74.7;93.8;90.3;8.5;15.3;13.3;9.4;16.8;11.0;2.3;36.4;63.1;24.8;96.1;36.8;19.1;27.9;18.4;98.0;14.9;46.4;60.5;79.9;90.0;81.6;8.3;88.0;27.7;38.5;49.8;21.0;65.9;63.1;47.3;56.1;6.3;12.2;8.8;13.8;7.8;24.1;38.3;7.7;41.1;3.8;6.8;26.6;13.9;19.7;6.9;96.2;92.6;20.2;18.0;53.7;1.6;72.8;38.9;23.6;23.7;67.2;10.9;32.8;18.0;1.8;95.1;46.0;26.8;40.9;33.3;11.9;31.2;24.3;91.2;91.8;23.2;3.2;4.4;3.4;1.7;95.0;21.9;42.1;4.5;5.1;27.1;99.3;97.8;16.7;92.6;17.6;65.9;46.1;7.0;22.3;17.4;3.1;26.1;92.4;78.1;92.0;4.7;10.4;29.1;8.3;36.6;6.2;9.6;25.8;36.9;28.0;50.5;49.8;12.0;24.9;31.8;44.3;62.1;72.4;82.6;68.0;53.3;99.7;5.0;92.2;77.8;41.6;98.5;75.3;87.7;85.6;86.6;86.8;13.3;96.9;6.7;62.3;75.2;67.0;81.7;7.2;26.8;96.6;91.4;96.6;8.7;86.2;65.1;95.7;2.0;11.4;8.4;88.3;56.5;61.5;82.5;97.3;81.4;64.2;41.9;13.2;35.2;79.7;17.3;3.5;21.3;35.0;38.5;51.7;63.5;63.4;46.8;47.9;18.7;43.1;0.4;5.2;0.1;9.5;14.2;1.2;91.0;89.9;10.5;10.1;86.1;83.8;96.2;1.2;99.1;3.2;18.6;6.4;10.6;7.9;83.6;68.2;96.4;92.3;90.0;83.4;0.4;6.1;16.1;87.9;79.0;88.3;98.7;98.4;4.1;5.8;15.6;98.6;91.5;89.9;85.5;34.3;10.5;13.2;87.6;86.6;91.6;63.7;66.8;43.8;10.9;20.4;88.6;32.4;96.3;44.0;46.7;72.7;90.9;6.3;93.9;63.4;81.2;84.9;72.4;80.2;58.2;18.5;64.1;38.4;59.5;90.0;99.0;99.0;3.4;7.9;99.8;94.9;97.4;14.1;16.0;95.6;97.6;94.8
text,flute and harp duet,nan,257,26.241183832818752,0.48257058679325776,2.8;99.4;99.6;0.5;1.6;2.0;2.4;4.0;2.4;3.9;31.8;32.1;30.7;36.4;95.1;45.0;40.3;86.9;2.4;42.9;41.4;39.6;89.0;30.7;30.0;94.6;74.4;35.7;23.0;33.7;6.1;26.1;22.5;75.0;25.9;27.9;27.3;31.5;31.7;31.2;24.4;24.1;20.2;18.7;18.0;18.7;20.8;19.0;19.1;20.6;19.2;76.3;85.1;83.7;70.8;29.9;41.1;51.0;49.6;56.6;55.4;57.5;47.6;45.9;49.2;61.3;46.6;61.9;58.8;60.0;32.0;47.6;57.0;37.9;53.1;44.7;27.1;44.0;50.5;42.4;45.9;40.3;41.9;35.3;21.5;33.4;36.7;45.7;11.3;21.0;97.5;98.5;17.0;60.8;75.4;51.7;66.7;58.3;33.7;32.9;28.5;29.9;32.7;23.3;44.4;33.0;32.6;19.8;54.3;27.5;25.6;32.7;41.1;30.2;37.3;22.1;29.0;20.1;12.2;24.0;23.0;27.5;83.8;24.4;28.1;34.1;32.3;28.0;29.0;32.1;31.6;32.6;24.2;24.2;21.6;21.7;17.7;26.4;64.3;28.9;68.4;77.6;51.6;30.8;15.6;29.2;12.1;11.6;20.0;22.0;30.5;26.4;29.0;29.2;28.7;29.8;28.4;25.3;31.7;28.8;31.2;27.2;20.8;26.1;19.7;32.8;2.4;23.1;39.2;23.0;18.2;24.8;26.0;28.4;27.7;45.0;26.5;27.3;46.7;24.9;28.4;29.1;29.5;17.6;17.8;17.2;16.5;17.0;14.5;11.6;28.3;29.1;31.2;15.2;14.3;14.7;18.5;27.7;27.7;28.1;28.1;27.5;31.0;32.5;39.0;89.3;35.5;43.5;42.6;30.3;42.3;77.0;54.8;58.8;82.9;74.9;72.4;49.2;61.4;95.8;3.7;99.9;9.8;28.7;33.0;82.3;72.3;46.2;98.4;98.1;92.7;5.5;97.7;96.8;5.8;3.6;91.3;2.6;3.6;3.6;90.7;3.6;8.7;2.4;8.4;13.8;19.7;18.3;16.3;12.6;7.0;13.3;32.3;27.3;27.5;24.0;15.5
text,rock ballad with electric guitar,nan,309,1.9021977790181461,0.560948633890075,3.8;47.4;76.8;25.7;36.8;0.4;65.6;0.5;35.6;31.3;4.4;39.5;13.2;77.6;32.4;44.5;36.8;69.8;66.1;11.1;82.5;95.0;91.8;92.5;94.0;94.4;91.8;93.8;99.2;62.4;65.9;89.7;95.3;95.6;97.6;94.3;3.6;98.9;99.4;0.2;93.6;99.8;97.9;98.8;1.1;95.7;97.7;99.8;30.4;93.4;3.5;2.8;81.5;90.7;86.0;85.7;15.8;31.7;34.8;52.5;84.6;79.4;10.8;7.2;8.4;88.0;82.1;89.0;88.3;88.1;89.2;89.7;94.3;91.6;69.4;86.2;0.4;67.7;0.5;0.2;1.1;0.3;62.5;62.0;0.1;60.8;99.9;93.7;62.6;99.3;99.5;98.9;99.3;99.5;99.7;0.2;1.2;1.4;0.3;0.5;0.2;98.9;0.3;0.8;100.0;99.9;99.5;62.3;99.3;99.9;0.1;99.7;0.2;98.4;0.3;0.2;1.1;0.1;0.5;0.4;99.3;99.8;0.9;99.3;27.3;2.4;0.4;29.6;29.8;99.3;99.7;0.4;0.8;32.0;61.8;30.0;38.6;35.8;32.2;0.5;0.8;2.6;1.5;98.7;95.9;99.8;0.1;99.7;98.5;0.5;99.9;0.6;1.6;98.7;99.7;0.9;89.9;1.8;99.2;99.2;0.2;99.8;1.7;1.1;27.2;1.5;65.1;1.2;63.0;62.4;29.5;64.8;0.4;1.7;0.6;29.5;27.5;31.0;0.9;27.6;1.2;1.6;100.0;0.3;0.8;28.9;0.3;28.1;65.1;30.5;0.6;0.6;0.4;29.2;28.4;29.5;99.8;0.1;27.4;28.6;0.2;62.3;0.5;28.6;28.5;26.9;28.1;27.8;0.4;0.4;1.9;0.6;1.2;31.3;0.8;99.5;0.1;99.6;0.0;1.1;99.1;0.9;1.2;99.9;0.4;99.0;0.1;0.6;0.6;99.9;1.3;64.0;0.3;0.8;1.5;1.4;29.0;1.1;26.5;0.6;0.0;0.1;1.3;0.1;62.3;0.6;63.1;100.0;61.6;0.1;99.5;0.2;99.7;55.6;63.6;55.1;56.9;98.8;2.0;0.2;55.7;55.8;57.7;56.1;0.7;39.7;99.4;97.8;0.9;98.7;99.4;0.3;42.3;42.8;0.0;1.4;0.9;98.9;99.3;0.6;95.7;99.6;97.8;2.0;9.8;6.9;8.2;14.9;6.6;14.9;96.1;11.5;6.7;7.1;11.8;11.9;13.7;13.9;14.1;15.4;17.0;17.1;18.2;14.4;21.8;18.6;10.9;19.1;19.2
text,brass band march,nan,309,98.15954135668699,0.9185412165963277,91.3;92.8;14.7;98.4;11.3;97.9;96.9;9.0;11.3;0.7;97.4;99.5;15.1;97.3;94.3;13.7;99.9;0.1;3.9;98.3;75.2;94.7;1.2;99.8;3.6;64.3;89.4;66.0;35.4;96.8;1.9;0.8;97.7;99.1;98.6;99.1;97.7;95.7;97.9;98.7;96.5;98.6;96.9;4.5;17.5;98.0;0.3;0.3;18.6;16.1;97.6;97.8;90.7;91.1;18.0;92.9;95.6;96.4;99.0;98.7;97.1;98.3;0.2;99.8;97.9;97.6;97.2;97.5;93.0;95.0;94.1;86.2;76.8;85.9;95.7;92.1;3.2;97.5;98.1;97.8;96.7;97.5;99.5;98.7;99.8;97.2;99.1;93.7;98.4;99.2;97.4;98.2;98.1;95.3;97.6;97.5;97.6;93.5;93.7;97.7;94.2;94.6;96.4;98.9;98.2;98.6;97.3;99.3;99.7;7.5;95.7;97.2;99.0;0.3;96.9;96.1;53.0;96.2;96.3;96.8;62.4;0.7;97.3;97.1;98.6;98.9;99.0;99.8;99.8;99.4;1.4;100.0;0.6;0.8;99.9;0.2;99.7;0.9;1.7;2.9;0.7;0.3;98.9;99.6;0.7;0.1;99.2;98.4;98.4;0.1;98.4;1.4;99.6;97.6;98.0;2.2;1.5;89.9;61.2;99.5;98.1;99.6;98.6;99.7;0.7;0.0;98.8;97.4;97.6;97.4;93.8;95.4;94.6;95.9;96.1;2.9;96.3;2.1;1.3;98.4;6.2;4.7;55.0;85.8;95.2;98.3;99.4;99.9;0.6;98.0;98.1;0.2;1.2;1.4;99.0;99.4;97.7;95.9;96.1;96.9;93.1;94.2;88.8;91.5;80.9;6.9;7.5;95.7;95.8;97.2;98.1;97.2;98.1;97.5;94.9;97.8;98.2;3.0;94.4;99.2;98.7;99.5;99.6;98.6;89.0;96.1;97.8;1.1;97.9;96.8;0.0;98.3;97.5;94.5;95.1;99.2;98.6;98.5;98.4;95.7;88.2;95.4;97.0;97.8;99.6;94.5;94.6;94.5;96.1;97.5;99.9;99.5;99.7;99.1;99.6;99.8;97.5;97.9;99.5;100.0;99.7;99.5;99.1;98.1;99.4;98.5;97.1;96.6;99.2;98.5;97.6;96.8;94.6;93.6;99.5;0.2;98.6;99.7;99.1;96.6;96.4;98.5;97.2;99.7;97.1;97.8;0.0;99.8;7.7;15.4;9.4;98.1;100.0;99.2;97.5;97.2;96.9;97.1;96.0;97.0;93.5;96.1;93.8;95.8;96.6;96.0;4.1;97.8;1.2
text,lo-fi hip hop with piano loop,nan,253,13.451435094454451,0.24941568127886202,41.5;0.8;4.2;7.6;84.8;9.8;20.0;1.7;79.7;65.6;46.9;32.0;50.5;47.7;22.2;6.2;30.9;35.4;96.3;52.0;13.7;33.7;69.9;20.9;3.3;26.5;52.7;97.9;75.8;98.8;52.4;27.1;86.0;18.8;87.8;98.9;86.5;48.0;15.1;10.4;79.1;94.8;99.5;49.8;64.8;2.7;34.2;17.7;23.7;31.6;34.8;41.8;72.5;87.4;60.5;0.2;59.9;23.3;76.8;72.8;12.9;59.2;34.2;93.3;30.8;3.2;80.4;97.6;89.9;80.9;12.9;78.4;4.3;34.9;39.1;5.7;43.4;79.4;51.8;80.8;77.7;15.4;34.4;31.5;46.1;42.0;7.7;43.3;41.3;21.3;63.7;29.6;8.2;16.1;35.8;20.2;36.8;95.3;95.3;26.1;49.1;83.9;99.4;23.3;71.6;91.4;84.3;91.7;1.4;97.5;45.8;22.6;61.5;78.3;51.0;85.7;29.2;51.3;74.4;39.2;4.4;41.0;34.3;77.3;87.3;12.2;39.8;34.9;52.1;87.1;98.7;91.8;20.3;55.5;75.7;91.9;48.8;25.8;80.4;13.5;79.3;82.7;96.6;82.0;96.6;23.0;35.4;66.8;99.3;42.6;20.7;36.0;67.9;93.0;45.5;29.5;76.8;8.4;93.6;77.9;4.0;96.7;70.8;21.5;41.3;37.5;6.1;67.3;12.6;5.3;40.4;43.7;79.5;98.9;59.1;75.7;47.8;41.4;34.8;18.1;20.0;24.5;90.3;6.4;19.9;22.3;20.9;11.8;11.1;20.5;25.3;8.3;7.6;10.4;52.2;11.0;5.0;3.3;1.0;10.9;20.5;5.3;53.0;3.7;19.8;7.9;5.4;4.0;7.5;8.7;41.8;59.3;21.4;21.8;17.9;18.2;24.7;19.5;19.4;9.9;3.7;9.7;3.9;8.5;23.7;62.4;7.1;1.1;60.3;21.2;16.1;3.7;3.0;24.3;22.4;2.8;3.7;9.4;56.7;19.8;60.7;20.4;56.7;4.6;7.8;9.3;24.9;21.0;1.6;35.6;10.4;12.3;55.6
text,country waltz with pedal steel,nan,309,86.66526800472559,0.7125126029082177,84.1;13.8;36.6;58.2;23.9;48.1;40.8;73.8;73.0;67.2;77.5;44.4;51.7;59.2;70.5;87.7;85.6;42.0;93.8;98.2;15.9;88.0;76.1;89.5;92.8;3.9;78.3;79.6;73.3;65.1;76.0;72.5;62.9;4.3;68.0;83.2;88.1;89.4;80.9;93.3;94.8;93.4;97.4;3.3;8.5;90.0;92.6;89.0;96.1;80.5;64.9;73.9;81.3;91.7;84.0;87.5;89.8;32.4;97.1;14.7;5.0;9.5;87.7;81.3;54.1;65.4;66.3;77.5;81.0;76.8;74.0;73.7;64.2;78.6;71.4;83.0;82.9;10.6;80.7;87.7;10.0;85.8;88.8;88.7;90.7;89.4;89.7;87.3;89.8;87.1;80.5;81.4;60.6;12.6;93.0;94.0;93.8;93.1;92.7;94.5;94.4;90.3;89.5;90.0;91.0;91.4;94.0;94.7;91.9;92.4;92.9;92.5;94.8;93.0;89.8;92.6;90.2;88.9;89.2;88.5;93.8;96.3;97.1;97.1;89.9;94.0;88.7;89.0;86.8;89.6;88.4;94.4;95.5;98.1;92.9;94.0;91.6;84.9;91.8;90.9;94.1;91.3;93.2;90.4;89.7;86.6;87.6;87.3;85.0;92.1;88.9;90.3;94.3;94.7;93.7;91.1;96.0;94.9;93.1;93.8;93.6;89.4;93.8;96.2;92.7;93.9;91.7;93.3;93.0;31.5;92.1;93.9;90.8;90.9;91.4;95.5;92.1;92.2;89.9;91.0;90.7;90.3;92.1;95.4;93.8;93.7;96.8;94.3;91.9;89.9;92.8;93.6;95.9;97.0;95.4;81.8;84.3;92.3;94.4;95.6;93.0;91.4;90.6;92.2;93.7;95.6;95.3;93.6;92.8;91.2;94.2;85.0;94.5;91.7;91.0;91.9;93.7;94.1;90.0;87.5;90.5;91.7;91.5;93.4;92.2;91.7;90.8;91.0;92.4;92.3;89.5;94.2;91.5;92.5;84.5;92.1;92.6;92.3;92.5;30.7;80.7;77.6;75.0;74.8;64.8;70.0;78.0;83.3;82.7;42.6;22.0;80.7;85.3;62.7;68.1;54.7;48.8;53.9;50.0;77.3;75.3;66.1;55.1;60.3;79.9;74.6;78.7;70.9;69.1;67.4;65.5;66.3;66.2;67.6;47.0;48.4;83.7;76.2;73.8;73.1;73.4;77.5;84.3;80.5;78.8;82.4;83.4;81.2;84.7;71.7;76.1;71.6;69.4;68.7;71.7;70.4;72.7;81.4;73.8;75.8;85.4;85.5;83.0;86.2;87.1;79.7;85.4;83.9;76.2
text,classical guitar etude,nan,309,99.13820412369505,0.24986755505057687,16.5;99.6;91.6;24.4;90.5;88.2;0.6;92.9;94.0;92.0;10.2;56.1;4.7;84.6;90.9;3.3;84.0;3.3;79.6;88.8;2.6;81.3;83.0;49.5;65.4;31.9;50.4;98.9;87.7;28.8;18.7;78.1;5.4;0.3;85.9;44.8;59.1;38.3;83.2;98.7;73.6;84.0;96.9;8.2;7.5;61.3;0.4;83.9;64.6;4.9;49.3;89.2;98.4;5.9;4.4;87.1;3.7;2.4;19.4;21.1;28.1;59.4;53.6;98.1;8.7;0.2;3.1;97.7;3.6;95.4;15.0;89.8;99.4;6.4;35.2;14.8;88.2;57.4;66.3;84.9;26.9;43.7;73.2;63.7;28.1;63.3;40.9;91.2;24.9;14.0;62.4;73.8;61.5;95.7;23.9;93.7;97.4;42.7;94.8;90.6;87.6;10.0;75.2;36.3;79.2;89.3;96.4;86.8;92.8;49.0;7.5;89.8;23.6;59.7;85.1;1.4;94.3;10.4;56.2;94.0;96.6;2.1;92.0;32.4;97.6;2.6;97.2;54.9;64.9;2.7;3.1;91.6;66.5;9.2;95.5;2.6;97.1;61.5;96.4;8.6;3.9;84.1;93.8;78.1;29.2;58.3;54.0;35.5;25.4;3.3;96.0;11.7;59.5;23.1;69.0;99.0;16.1;35.1;98.5;97.4;40.5;75.1;34.2;28.2;76.2;96.1;68.6;60.6;16.9;90.6;62.0;12.9;55.9;39.5;68.0;33.5;22.9;11.3;42.4;96.9;90.1;23.9;8.8;93.0;43.5;82.7;16.7;30.3;34.3;45.6;51.0;64.5;56.3;45.6;38.3;12.4;68.7;54.4;30.1;31.1;59.3;69.6;40.6;71.7;26.6;81.9;21.6;43.0;94.6;4.8;35.0;21.9;72.3;86.4;73.0;40.9;93.0;89.9;64.3;42.2;5.9;64.8;72.2;72.6;43.9;32.2;82.3;99.1;15.7;58.1;50.9;6.5;18.6;13.6;8.9;11.5;44.4;56.0;4.7;5.7;43.3;78.9;99.8;87.1;66.5;74.3;68.8;52.6;12.4;27.5;97.6;92.6;11.7;15.3;99.3;6.7;84.8;27.4;82.3;94.1;1.0;49.4;60.3;34.2;70.5;3.1;78.9;17.6;96.4;0.8;1.8;24.0;4.9;8.5;8.9;20.6;1.9;23.4;28.2;83.9;62.0;43.5;11.5;47.9;23.9;85.8;13.1;2.2;95.1;95.0;5.4;2.6;96.0;94.8;23.4;78.1;8.0;6.8;9.6;96.6;95.7;13.3;26.5;18.6;87.1;47.5;4.8;59.5;66.4
text,"cello solo, adagio",nan,309,37.00840722089557,0.23499067369873006,83.7;65.1;94.7;2.0;90.5;51.2;77.4;85.9;63.6;76.2;21.3;18.0;23.0;6.8;55.0;48.7;29.3;22.3;62.8;21.2;33.8;36.9;36.3;30.8;37.0;45.6;29.2;1.9;10.1;12.2;23.9;14.0;20.3;37.6;26.9;13.8;13.2;15.0;7.1;6.6;44.7;21.6;15.5;18.2;16.4;65.8;30.3;69.3;1.8;1.1;59.2;70.6;92.6;2.1;75.5;66.1;58.6;67.4;69.1;70.4;70.8;75.6;65.6;65.0;70.6;67.8;53.0;50.6;55.1;48.7;50.1;49.3;45.4;54.8;43.0;53.0;57.3;48.0;59.2;51.9;26.6;24.9;0.8;58.2;39.9;60.1;54.7;62.4;6.8;41.3;29.9;24.5;23.6;66.9;13.1;57.0;48.0;46.5;33.2;25.4;18.2;25.2;72.8;76.6;73.0;74.7;49.0;6.1;89.2;85.0;16.4;44.2;90.6;13.4;78.8;80.5;86.5;81.9;75.1;79.6;84.9;79.6;0.4;1.3;81.4;98.4;79.0;79.7;76.1;79.9;77.6;89.9;88.2;68.8;9.3;95.4;88.4;91.3;86.5;8.5;6.8;56.2;70.5;62.2;55.5;67.5;40.0;79.1;52.8;60.9;59.4;62.4;52.3;54.3;45.8;49.5;57.0;39.1;20.9;46.6;46.7;58.9;44.2;47.8;49.3;83.8;36.1;96.9;65.1;64.6;58.5;39.1;47.1;69.2;56.3;58.9;56.2;64.5;53.4;56.0;49.3;53.0;58.4;68.2;55.6;67.0;58.6;61.9;1.3;13.5;55.0;82.8;15.5;59.5;27.4;18.7;48.4;12.0;33.9;96.1;91.3;41.8;48.2;54.1;53.0;38.7;47.0;45.5;46.7;46.9;39.9;22.0;43.7;8.3;14.6;33.2;23.5;41.5;43.3;33.9;35.5;19.2;27.4;28.9;33.0;31.0;34.8;40.9;75.8;22.2;32.3;89.1;18.6;45.4;72.4;69.1;6.2;46.2;41.0;42.0;27.1;20.6;37.3;27.1;31.4;35.5;71.9;42.7;32.3;25.7;38.0;26.0;22.6;27.0;30.1;30.1;32.4;14.6;26.4;24.2;29.3;22.5;24.7;28.6;30.2;32.3;21.8;31.0;24.3;28.5;21.5;22.1;22.8;18.1;20.7;16.7;17.2;22.2;25.9;15.2;25.7;23.5;24.9;24.8;38.7;32.2;26.2;28.4;17.9;17.4;19.8;25.6;28.4;21.2;23.4;15.8;21.7;11.5;16.6;21.5;19.4;18.4;12.4;28.6;26.1;52.5;62.3;83.7;83.8
text,80s synthwave,nan,240,41.08635070937097,0.12460135846938604,78.8;20.1;34.0;19.5;75.0;56.9;67.7;84.7;50.9;84.6;34.3;57.3;75.4;52.0;29.0;37.6;26.6;52.6;83.5;27.2;15.3;23.4;34.4;32.0;58.7;65.3;77.5;73.2;52.4;20.6;6.4;52.4;20.6;63.5;23.9;8.7;57.8;87.3;66.1;60.7;57.5;27.7;85.7;21.7;36.1;62.9;5.7;62.5;76.9;19.6;30.4;29.8;34.7;44.8;94.9;81.7;5.6;21.8;25.0;88.4;8.4;39.9;20.8;74.7;69.9;56.8;31.6;22.8;40.6;80.7;83.9;17.9;87.8;27.2;43.4;36.1;22.2;21.9;29.2;41.0;28.7;53.4;15.2;74.3;41.7;1.5;30.6;8.8;59.4;95.7;19.9;72.4;2.5;69.1;24.5;48.5;19.6;41.0;12.4;68.0;92.8;62.2;61.3;20.7;26.3;38.9;18.7;40.7;44.5;92.1;40.7;46.8;36.5;45.2;74.1;99.3;63.1;67.8;7.9;70.2;56.3;5.8;49.1;9.5;1.9;4.4;65.7;44.6;84.5;33.8;48.1;4.3;49.9;29.9;31.0;63.5;78.4;77.5;31.4;18.5;26.7;54.4;50.2;77.0;40.9;3.9;59.2;78.6;38.9;58.4;20.7;40.5;76.1;53.9;50.8;48.4;98.7;60.8;57.3;71.9;77.0;87.6;92.5;85.4;66.3;42.2;88.3;25.2;24.3;12.7;24.2;27.2;24.7;6.5;93.0;53.2;14.4;20.2;57.5;71.3;13.3;27.1;60.3;86.2;30.4;58.4;13.4;69.0;73.5;17.4;26.6;7.7;29.3;30.8;26.4;38.7;66.2;71.4;94.1;10.0;37.1;57.1;88.5;19.8;70.0;60.9;6.9;99.8;77.0;39.8;68.7;70.6;95.5;10.2;86.7;63.9;96.3;30.4;22.9;20.0;38.7;37.8;81.5;63.4;39.4;24.8;44.9;53.2;89.0;50.3;24.8;71.3;91.4;79.2;22.8;41.4;85.5;57.6;88.8;63.8
text,children's choir,nan,162,74.1608768845684,0.036040898118855566,27.0;31.3;43.8;18.7;25.8;20.4;17.4;27.1;24.4;39.4;54.1;62.1;48.5;34.6;53.9;53.4;95.8;49.6;76.8;50.5;29.1;99.4;68.4;65.7;96.7;41.9;87.4;16.2;0.6;60.0;63.1;36.5;13.6;7.1;52.7;76.5;47.8;5.4;74.1;27.6;91.4;72.7;40.1;11.6;5.4;4.1;3.0;71.6;40.2;23.9;61.6;59.9;72.4;82.1;58.6;82.0;59.5;6.3;21.1;93.6;81.7;60.4;85.0;30.1;87.0;56.9;20.1;80.5;10.9;2.7;90.3;66.4;66.8;86.4;59.3;51.6;97.2;57.9;4.6;48.5;93.4;83.8;6.3;74.3;78.5;76.3;14.3;4.9;33.2;37.7;78.5;67.5;11.6;15.2;29.8;56.0;17.7;87.1;59.2;77.8;80.3;99.7;19.2;0.9;78.9;84.9;53.8;58.4;16.0;30.8;37.6;86.0;22.4;14.6;75.8;91.8;40.1;73.6;91.7;6.1;22.5;67.2;12.5;57.3;15.8;51.5;48.5;74.4;85.5;59.7;5.9;65.9;80.4;26.8;85.8;84.9;89.8;56.3;19.5;44.9;9.6;18.7;67.5;21.7;74.9;34.5;36.2;51.5;58.0;65.5;28.8;32.7;88.9;23.3;62.0;77.3;88.1;80.2;15.2;21.6;35.9;42.3
text,harpsichord baroque piece,nan,308,3.579621598869443,0.6957251695457399,4.1;91.1;84.1;48.2;51.3;78.6;14.6;11.1;3.5;7.1;23.8;84.1;15.0;86.4;91.2;43.1;83.3;54.1;84.9;62.8;3.7;3.4;94.3;2.8;15.0;74.6;38.1;48.2;20.3;8.6;0.8;34.0;95.7;18.4;18.2;96.9;13.6;77.7;60.0;16.1;85.9;84.3;90.2;99.8;2.7;54.2;82.6;55.8;9.9;1.9;3.6;4.3;3.9;6.3;2.8;2.4;96.4;3.0;3.2;3.1;2.6;6.5;5.1;5.4;8.3;4.8;6.9;16.3;9.2;8.5;6.0;4.7;4.3;2.1;5.8;5.9;3.5;15.8;75.6;9.6;8.1;7.2;98.5;1.5;2.4;2.7;1.3;94.8;1.9;5.6;4.8;1.0;99.8;1.3;95.2;87.7;2.6;4.1;82.8;96.4;14.1;8.4;7.5;1.0;4.4;5.0;8.7;8.8;7.5;8.3;13.6;9.2;4.5;5.8;6.4;8.4;6.8;3.5;4.7;6.5;5.9;4.6;4.6;2.5;6.6;2.2;6.1;10.9;8.3;5.6;59.3;11.6;13.6;11.0;7.1;94.8;11.3;89.5;8.6;5.5;2.0;13.4;8.3;5.2;7.4;4.8;91.1;33.0;96.8;98.6;96.4;0.8;37.3;23.4;11.2;63.4;5.5;82.8;64.2;7.7;23.0;21.9;17.8;8.5;96.9;97.8;96.6;99.2;2.7;1.9;0.2;2.4;6.5;12.7;22.5;80.2;10.2;8.9;9.2;9.8;0.3;4.9;8.0;16.7;71.0;15.6;9.2;5.2;6.2;12.1;4.9;3.9;91.2;74.8;0.2;9.3;4.4;88.4;0.2;8.4;99.4;85.9;98.4;98.6;5.6;9.5;4.3;3.8;3.3;1.5;7.3;11.5;3.1;5.4;90.6;59.5;75.2;37.9;6.6;59.4;54.2;97.7;72.7;14.0;4.6;4.1;1.7;3.2;87.7;0.2;8.9;71.3;90.0;77.1;98.3;99.7;12.6;5.3;2.7;58.3;32.6;78.3;92.1;99.2;0.4;3.4;5.8;7.5;44.1;16.5;1.3;95.6;99.2;24.2;33.4;8.9;79.1;71.9;12.9;12.2;1.5;80.9;44.4;11.6;0.8;97.6;93.4;11.4;9.3;6.0;99.5;97.7;4.3;24.6;99.0;95.7;0.4;97.6;3.6;98.4;99.8;100.0;99.2;11.4;3.0;18.5;14.7;5.2;98.8;6.7;12.6;14.8;4.6;0.8;8.3;99.9;11.0;5.8;0.8;58.8;6.2;4.7;3.7;6.1;7.9;1.1;2.7;4.1
text,reggae with melodic bass,nan,267,9.238660229861912,0.16006677811123138,54.1;0.9;26.7;5.0;30.9;77.8;92.6;65.2;43.8;90.9;91.1;38.4;32.1;72.5;87.6;25.2;34.3;46.0;6.4;33.2;24.1;34.1;13.8;22.0;38.5;45.1;10.2;23.3;97.5;36.5;95.6;16.1;92.8;87.7;95.3;5.0;17.9;61.9;18.7;11.6;67.2;0.9;92.0;60.2;49.4;2.4;95.4;83.7;39.6;88.1;9.2;1.7;18.8;4.7;25.7;93.2;13.5;5.9;6.7;68.1;17.0;67.0;94.6;33.3;54.2;41.8;0.6;45.9;67.0;16.9;65.2;25.1;54.8;4.4;41.0;2.4;32.0;14.3;54.3;78.1;98.4;76.0;15.9;87.3;53.8;20.3;63.6;0.5;61.6;31.1;52.8;83.2;71.3;3.3;13.4;72.9;10.0;36.3;82.3;51.0;85.3;5.4;60.5;43.9;16.0;9.5;95.8;49.5;7.0;29.9;49.5;44.0;64.2;36.4;36.3;48.9;72.7;32.5;90.6;86.0;67.1;51.3;12.2;15.4;1.7;10.8;69.7;30.1;2.9;93.3;49.8;90.1;58.7;35.5;62.1;32.4;90.1;65.6;99.0;82.4;11.0;15.1;19.1;24.1;37.4;48.9;92.2;99.8;48.0;2.0;77.0;96.5;5.0;64.2;77.5;71.5;67.1;34.9;0.1;2.0;6.6;12.0;49.4;60.2;35.4;93.0;24.9;15.2;84.0;62.2;96.2;54.8;46.3;55.4;31.6;8.3;81.7;7.2;35.0;63.6;15.1;9.6;13.5;87.8;35.7;69.7;62.4;11.6;23.6;77.9;98.8;62.7;47.4;96.2;0.5;95.8;73.0;14.3;4.3;25.7;45.5;58.9;1.0;95.6;96.2;6.7;15.6;37.1;85.1;83.4;70.3;7.5;29.2;30.1;76.4;74.2;84.1;63.0;58.1;9.1;91.3;5.3;6.7;0.5;20.1;87.4;8.6;17.4;35.1;53.8;48.8;70.8;48.9;44.1;93.2;88.2;94.5;39.8;12.5;12.7;17.4;19.5;33.7;30.8;34.5;5.7;8.0;83.4;84.9;23.2;29.5;57.1;73.9;1.2;23.5;46.7;15.8;13.5;47.5;40.4;92.7;12.9;7.9;1.1;8.4;3.5;5.4
text,trumpet solo over strings,nan,309,99.23138592999814,0.9632157991527291,94.2;91.6;92.2;95.0;93.0;94.6;94.5;95.5;95.3;91.9;94.9;93.5;93.5;94.6;94.8;95.8;93.1;91.7;92.0;94.8;95.9;94.7;93.4;94.3;91.6;93.1;91.6;93.4;95.5;94.7;96.2;99.1;97.5;99.5;95.5;95.9;96.9;96.5;98.5;94.8;96.9;98.5;4.7;8.0;3.6;99.4;97.7;97.0;1.5;4.0;5.1;2.4;0.0;1.7;99.6;0.7;99.6;1.7;99.4;0.3;99.5;98.0;98.3;99.1;98.9;99.2;0.4;0.9;0.5;99.8;0.6;0.7;0.4;99.9;99.9;0.8;2.2;0.9;3.6;5.2;3.1;0.4;0.3;1.8;4.3;99.1;91.2;94.9;97.0;91.6;3.6;4.3;45.6;99.2;3.7;4.7;7.2;8.4;11.7;11.8;99.1;2.4;0.3;0.9;98.7;97.8;98.6;99.5;98.9;99.6;98.9;0.7;2.1;99.3;0.3;98.9;98.3;99.0;98.5;99.6;97.7;98.2;97.0;97.0;99.8;2.7;99.3;1.5;97.4;99.3;93.0;98.0;2.2;1.3;0.4;3.0;0.2;97.9;98.6;99.9;99.8;2.7;0.6;99.1;98.3;99.5;1.3;1.2;0.7;99.3;96.9;96.9;96.7;98.1;99.2;98.2;97.8;98.0;98.8;97.1;98.8;1.3;1.8;98.7;96.3;96.2;99.0;99.2;1.4;99.9;98.9;97.3;95.4;97.5;0.1;1.2;1.9;1.4;96.3;96.2;96.4;99.7;1.8;2.3;0.4;98.0;96.3;95.2;99.8;1.8;1.3;1.1;1.0;94.5;94.5;95.6;99.7;1.7;2.0;0.1;98.9;96.6;93.9;97.1;1.0;2.2;0.1;99.0;97.3;96.3;95.6;0.0;0.3;1.1;99.0;99.3;95.2;96.4;99.1;0.3;1.1;99.4;1.0;99.3;94.3;93.9;98.5;97.9;98.5;1.1;11.5;95.1;70.8;94.6;65.3;0.6;96.9;0.8;1.0;2.6;98.9;9.5;3.0;1.7;1.6;99.2;97.7;2.2;4.4;1.5;98.5;97.8;98.4;0.6;1.5;1.5;2.3;99.8;0.1;0.1;0.4;1.8;2.9;0.5;0.3;96.3;99.8;1.9;2.1;2.2;1.5;1.9;95.9;97.1;1.1;2.4;4.3;1.7;2.4;2.1;1.3;1.5;1.9;2.2;1.2;2.9;98.9;98.3;99.8;0.1;4.9;3.8;0.4;99.0;97.2;95.9;1.2;2.6;2.4;0.8;99.5;98.5;1.0;0.4;3.3;3.5;2.6;0.3;99.8
text,clarinet and piano sonata,nan,306,2.3542533532756362,0.8477311325813618,3.1;0.5;1.9;99.5;5.3;5.8;5.7;0.5;2.7;1.1;2.6;1.8;2.6;12.8;98.0;99.5;1.5;98.1;99.5;3.0;4.8;13.5;19.4;19.2;17.7;14.3;17.8;17.9;99.1;2.2;97.6;96.6;98.8;96.5;11.4;9.9;3.9;1.8;3.5;0.4;2.6;0.3;0.3;96.1;76.7;99.5;99.6;98.5;1.1;5.6;3.2;98.3;92.5;11.8;5.4;3.3;2.3;2.6;0.8;85.0;90.0;89.3;92.4;0.9;0.1;5.2;5.5;14.2;28.3;9.7;14.2;12.6;9.6;10.4;9.3;7.9;8.7;2.1;4.1;0.5;99.3;1.3;0.5;99.9;2.3;2.8;98.0;97.8;6.4;93.1;86.6;93.6;31.1;26.2;37.9;38.0;34.6;29.5;17.2;66.6;94.9;4.7;0.7;4.3;1.1;2.3;96.9;99.3;12.0;7.8;11.5;7.7;1.5;1.4;0.8;0.7;15.5;11.7;6.5;1.3;98.7;98.3;9.6;14.2;0.9;97.1;99.3;2.8;0.3;0.6;0.5;97.5;95.8;99.8;1.3;1.0;98.2;0.6;97.9;95.1;0.9;4.4;4.9;3.8;10.7;5.8;6.1;96.7;6.6;3.6;0.6;98.8;0.8;1.2;0.2;91.3;99.5;99.8;98.6;99.9;98.9;98.0;1.9;7.2;98.3;98.0;0.2;98.7;0.0;0.7;99.0;1.6;98.2;1.1;1.5;2.2;99.6;0.0;1.5;1.3;4.5;3.5;1.5;99.3;2.6;96.9;98.9;89.0;98.9;2.2;0.6;1.4;2.2;3.0;33.8;93.8;97.4;9.2;5.9;3.9;99.8;88.2;34.4;3.3;7.6;5.4;2.7;0.6;1.5;98.0;98.8;5.8;2.5;1.0;76.5;28.5;11.8;96.8;50.6;28.4;8.6;16.4;7.7;50.6;97.4;4.3;95.6;97.2;95.4;96.9;23.8;12.1;0.6;6.7;10.7;12.9;10.2;14.4;13.6;12.2;10.0;2.1;2.1;11.6;7.7;4.3;4.4;3.9;44.3;94.6;0.9;2.3;1.4;1.0;1.8;98.4;84.9;97.7;98.1;99.3;99.8;1.3;97.5;1.1;4.1;0.7;3.1;99.5;99.6;99.4;99.3;94.4;91.8;0.3;2.3;3.7;95.2;98.5;94.4;94.3;78.0;1.6;93.2;91.9;0.6;4.9;1.0;93.1;80.3;0.2;95.5;91.1;15.8;3.6;10.7;65.1;97.4;99.7;98.4;1.0;1.5;0.8;99.4;97.7;99.8;1.6
text,indie pop with vocals,nan,303,90.67586869421852,0.07616604744585734,63.4;82.2;93.9;17.5;34.8;6.2;72.5;64.2;26.2;42.5;7.8;21.7;0.0;2.9;47.5;45.5;35.0;59.3;97.9;25.4;60.5;56.0;48.1;19.5;65.0;36.0;59.2;84.2;71.5;12.4;90.8;91.9;8.4;93.1;75.6;96.0;10.6;46.7;55.3;92.1;4.2;9.8;55.0;53.8;54.4;28.9;83.1;57.2;90.2;62.3;72.1;25.6;20.9;33.6;45.3;0.3;66.3;60.2;40.2;38.1;54.9;57.5;77.3;21.0;79.4;20.6;9.1;1.3;84.5;0.8;20.7;94.3;94.6;6.5;0.4;22.4;13.5;13.7;98.1;6.5;8.7;31.8;3.4;13.7;36.4;58.9;95.2;75.9;80.8;95.8;77.7;97.9;26.2;34.8;63.1;67.3;86.6;69.0;78.7;26.2;20.3;89.7;96.1;13.0;95.1;56.4;59.8;91.9;14.4;25.9;40.1;26.0;4.4;28.1;95.2;41.4;60.7;19.9;74.7;86.9;53.7;93.1;54.8;8.6;85.9;81.5;21.6;85.8;54.6;37.1;63.9;36.0;59.2;21.7;4.3;96.3;77.8;62.9;41.2;95.3;25.8;87.8;71.2;67.8;44.6;80.2;44.3;20.4;75.5;64.8;19.3;27.6;45.7;6.9;96.0;31.4;47.7;87.5;48.6;44.1;88.5;82.2;92.3;86.3;57.8;1.0;16.7;10.1;72.3;26.4;6.9;94.3;92.5;16.3;70.8;11.1;49.3;60.4;36.1;65.6;72.0;83.0;88.4;0.7;11.5;47.4;61.0;94.4;96.3;39.1;48.2;9.9;30.7;95.5;74.3;59.8;19.1;67.8;7.7;77.7;4.1;75.2;87.5;23.6;14.2;42.8;81.4;25.0;73.1;8.6;1.9;70.6;18.5;42.4;88.0;92.8;84.3;24.9;77.9;95.5;34.1;32.8;63.9;32.9;5.0;56.1;56.3;98.8;36.3;73.4;66.7;24.0;65.3;10.3;91.5;23.4;80.9;41.4;0.0;57.1;74.4;67.5;49.4;87.8;79.7;16.0;6.7;5.0;72.5;46.0;78.1;61.1;27.1;39.6;78.1;9.9;93.2;48.6;83.8;56.0;76.7;61.4;65.5;64.7;55.8;57.2;62.8;58.2;41.0;12.5;13.4;11.4;10.5;1.6;15.3;32.5;36.6;86.5;23.5;74.3;62.7;13.4;91.6;60.3;83.3;93.4;21.0;71.2;23.4;75.5;82.8;25.5;63.5;1.5;53.8;84.0;25.4;60.3;2.0;19.6;5.4;54.4;46.2
text,soul ballad with electric piano,nan,309,7.151222865951326,0.6085826111386795,3.7;2.9;95.4;68.6;67.3;3.1;4.2;4.6;5.9;6.2;6.4;11.5;13.3;7.7;4.6;4.2;8.9;7.9;2.6;2.5;3.7;5.7;5.1;5.6;8.5;12.7;82.0;8.6;71.5;57.2;8.8;5.9;6.6;2.0;4.8;8.0;4.3;58.8;11.2;11.2;30.9;1.0;7.5;4.6;8.8;70.3;10.9;3.6;8.9;8.3;3.8;99.9;15.1;10.4;99.9;95.8;99.3;0.5;8.1;6.7;6.6;17.8;4.4;96.5;90.7;4.2;7.2;8.0;6.1;10.3;98.0;6.2;98.0;97.6;96.6;16.0;12.4;94.0;98.7;93.0;96.7;95.0;98.9;100.0;97.9;99.1;99.1;95.4;15.3;17.3;13.8;15.5;14.6;14.5;11.0;28.3;11.3;6.3;90.8;87.2;16.2;77.9;5.0;86.0;94.5;95.2;96.8;98.6;98.9;93.0;93.0;86.9;89.7;11.0;9.2;15.9;82.3;12.9;19.6;16.3;20.3;16.8;14.4;16.7;8.7;6.3;4.3;2.2;92.0;91.5;99.2;30.9;90.5;95.0;90.8;29.8;8.5;8.3;4.2;5.0;9.6;6.9;6.7;9.2;6.1;0.6;2.1;5.5;4.6;6.5;5.8;4.3;6.6;5.9;4.3;6.1;7.7;8.4;6.4;6.5;5.2;6.8;6.8;7.8;10.1;9.5;13.9;14.9;17.8;15.2;21.0;17.2;11.9;17.3;12.0;22.7;17.9;15.0;15.8;17.3;16.1;20.5;22.3;8.4;14.0;22.5;14.8;88.1;16.2;23.3;19.5;23.7;26.3;21.7;28.1;23.1;23.4;17.8;15.8;21.1;99.9;5.7;28.9;35.0;23.6;21.1;4.4;9.8;26.1;29.0;18.4;8.1;7.2;7.1;1.1;67.3;17.4;23.1;7.0;5.1;8.7;7.0;95.9;49.1;80.0;28.4;10.9;5.8;45.6;27.2;42.5;44.9;34.7;44.2;46.8;16.1;92.0;93.4;16.3;40.1;5.8;89.3;43.8;65.6;41.8;49.6;27.9;82.6;73.5;89.4;20.4;62.3;82.4;81.1;6.6;68.6;67.2;63.3;78.8;78.9;69.4;65.0;34.5;61.7;65.4;65.5;63.6;38.1;60.9;1.9;97.7;57.4;28.0;75.1;49.8;88.7;95.2;72.9;46.9;4.5;11.6;15.0;15.9;5.3;13.6;9.7;15.3;13.6;14.6;99.7;5.9;2.8;3.8;97.9;89.7;10.1;11.2;14.3;13.4;13.9;86.8;4.2;2.7;0.8;95.4;92.5;16.1;17.6;13.3
text,gospel choir with organ,nan,305,11.713612858057235,0.5108055936355719,20.6;89.5;9.8;9.6;10.9;14.3;2.8;99.3;2.4;8.6;1.0;0.4;3.7;14.7;14.7;9.4;29.8;6.0;14.1;8.7;2.6;7.2;10.3;11.3;11.4;10.5;7.5;6.1;99.9;6.6;98.0;1.0;7.3;39.6;5.2;4.1;79.5;13.3;5.9;3.0;99.4;98.0;2.9;1.6;2.8;3.6;4.6;8.7;99.7;0.6;0.9;7.2;7.3;8.2;7.1;0.5;99.8;97.7;3.0;7.2;69.2;5.0;7.3;3.9;2.5;98.4;2.0;4.1;3.9;1.1;32.6;32.1;64.9;92.3;98.7;5.2;6.0;22.1;23.4;16.3;26.6;21.2;22.5;21.2;25.1;23.4;18.8;12.3;15.5;97.1;1.9;1.5;22.2;12.0;52.0;56.0;30.5;51.3;27.6;48.9;53.9;64.1;98.2;52.7;8.8;52.0;9.8;57.4;2.2;66.7;27.8;86.4;39.5;99.4;95.6;72.1;87.2;44.5;93.5;36.3;11.3;17.7;21.2;86.1;96.2;1.5;29.1;3.1;99.5;8.0;6.2;11.9;15.3;5.9;80.8;20.8;98.4;99.3;83.7;24.9;89.3;95.0;5.1;98.0;54.0;51.8;40.5;18.7;18.8;55.4;91.9;60.9;27.4;78.0;1.6;56.8;38.1;31.7;28.3;29.6;92.6;50.2;55.3;98.6;31.0;38.0;49.6;84.3;19.6;88.9;84.6;60.7;33.6;6.9;30.6;32.1;34.9;24.0;26.3;2.5;8.8;17.9;8.8;11.1;28.7;15.4;7.6;27.7;20.3;21.4;22.6;30.9;28.1;28.8;22.8;21.3;14.6;24.8;25.7;17.7;6.8;17.6;23.8;24.9;21.7;23.3;24.6;26.2;23.1;28.9;20.9;27.4;12.3;9.9;12.0;23.0;41.0;19.5;29.3;98.3;37.7;98.7;4.5;13.8;3.1;2.5;7.6;4.5;4.7;19.1;5.7;8.1;8.5;11.1;7.9;25.1;0.1;6.7;11.2;8.2;8.5;11.6;7.1;21.6;24.7;3.2;8.8;4.0;2.3;2.6;9.1;29.0;27.4;23.9;24.3;60.1;8.8;75.7;97.0;2.3;81.2;80.2;12.5;99.7;3.5;4.6;1.6;34.7;0.5;37.0;29.1;18.7;32.4;32.9;29.7;8.6;23.2;36.5;96.6;78.5;99.7;97.3;94.8;30.4;26.6;91.8;35.6;23.2;29.7;75.9;80.2;33.1;92.3;95.3;37.2;68.9;80.2;11.5;60.3;63.2;60.4;21.9;49.2;70.5;28.7
text,bossa nova guitar,nan,290,19.554015817040465,0.2525121712644793,64.6;19.5;1.5;22.7;15.3;93.2;31.2;26.5;44.0;1.7;39.4;98.0;91.7;93.5;5.9;6.2;11.2;81.5;29.1;24.8;0.8;24.0;19.3;32.8;1.0;53.2;1.8;23.1;56.2;26.1;71.5;95.8;19.5;19.0;36.7;29.3;52.7;52.3;12.0;23.0;26.1;46.4;26.9;72.4;85.3;68.4;80.7;66.8;18.0;43.5;81.7;98.1;3.3;82.6;85.5;21.1;96.9;56.9;66.4;20.3;12.9;0.3;70.5;2.8;71.1;47.7;59.8;12.9;2.3;5.0;98.2;36.0;88.7;76.9;79.4;95.7;25.2;39.7;93.2;36.4;20.5;9.9;3.3;14.8;17.1;12.2;29.9;19.2;91.3;36.9;97.2;84.2;0.7;72.5;20.7;45.1;28.2;92.0;84.5;16.4;16.1;26.5;2.7;41.6;73.4;64.2;19.5;44.1;23.4;40.2;20.6;99.9;98.7;68.7;65.0;21.9;68.0;76.4;65.8;31.5;10.8;86.4;43.2;39.2;63.3;7.1;12.4;78.6;42.4;30.7;86.7;0.8;20.1;31.1;40.8;13.2;70.2;64.0;5.1;24.1;5.7;27.9;87.5;45.6;78.3;44.6;83.4;87.9;96.8;31.5;80.0;6.2;98.1;41.0;22.1;36.3;2.1;62.8;11.9;26.6;27.2;23.1;26.5;13.3;32.0;43.7;31.5;10.1;89.1;38.1;41.8;60.4;9.7;59.8;83.7;92.3;88.0;37.8;24.3;12.6;23.5;94.2;2.4;59.5;50.5;96.2;48.7;1.3;56.3;93.7;36.4;26.2;28.9;50.9;22.6;20.0;36.4;38.0;28.5;27.5;76.8;83.8;27.7;39.9;42.1;26.8;82.7;76.7;28.9;21.1;23.7;28.1;19.0;35.1;23.4;35.8;88.3;68.0;33.6;84.5;40.2;22.4;68.5;9.2;74.9;82.5;34.3;16.1;85.3;80.4;22.1;44.5;28.5;82.2;18.9;18.2;26.9;19.6;63.3;2.2;21.2;51.9;11.8;41.3;93.3;93.2;82.9;26.8;46.6;30.5;24.5;30.0;49.7;4.5;5.4;19.2;36.5;37.6;38.3;94.0;48.7;13.5;11.1;23.8;27.5;57.6;27.1;50.0;4.8;92.8;89.6;16.7;31.4;33.9;35.2;11.8;41.6;22.1;10.7;91.0;26.6;45.2;19.0;9.4;26.4;73.2;78.2;20.0;28.2;34.4
text,medieval lute,nan,309,3.464105572783402,0.3734531093718376,1.5;98.7;99.3;97.5;95.1;95.4;94.1;95.7;94.4;96.7;95.2;99.8;96.1;95.5;94.1;92.6;94.7;92.6;95.5;93.2;94.2;97.1;97.2;96.2;98.2;98.5;98.4;96.6;2.2;0.1;2.1;6.5;6.3;97.6;96.4;97.7;97.5;99.4;96.3;99.6;98.5;98.7;96.4;93.8;95.4;0.5;0.9;94.4;93.4;92.3;97.8;99.2;97.6;95.9;93.5;91.5;95.4;0.7;99.5;95.0;99.4;97.2;0.6;98.4;2.2;2.0;2.0;2.5;11.4;98.8;7.4;96.8;40.4;93.3;23.4;20.3;58.2;80.3;88.8;96.9;99.5;4.3;84.4;2.4;97.2;99.8;99.9;95.2;97.4;78.9;13.9;25.0;75.4;84.6;61.0;81.7;65.2;60.1;45.0;39.8;76.3;74.0;59.1;48.8;13.1;99.9;13.2;4.1;2.8;95.6;16.3;48.7;23.6;6.1;12.1;71.3;62.2;8.2;10.6;1.2;17.1;14.0;10.7;2.8;15.5;6.3;95.2;97.7;2.8;5.2;6.4;3.9;2.3;0.5;9.8;10.5;11.1;99.4;2.9;8.9;5.7;20.2;26.5;9.4;6.5;7.8;45.5;46.3;6.4;47.7;47.3;48.3;99.8;43.6;44.4;0.9;45.2;42.3;44.6;0.4;47.8;43.5;96.8;0.5;44.1;43.3;42.3;45.8;45.8;96.0;8.3;95.6;34.8;32.9;11.0;2.1;5.8;0.3;69.0;9.3;64.6;84.7;44.1;39.8;39.8;39.3;38.6;84.1;19.5;37.8;51.7;85.8;2.2;81.9;60.9;39.9;21.3;20.1;43.1;38.6;53.6;56.3;25.1;34.0;15.9;14.7;25.1;46.0;94.0;90.5;32.7;40.6;31.1;4.6;35.4;87.2;64.3;95.5;4.2;5.3;67.0;31.4;33.1;66.9;68.5;62.6;38.1;70.9;36.4;81.2;13.2;59.0;74.8;89.9;11.5;3.5;13.5;42.1;81.2;96.8;2.4;10.1;7.4;22.4;90.0;98.4;4.3;92.4;59.5;74.4;64.4;82.5;4.3;42.1;9.2;90.4;5.8;86.1;2.0;97.3;0.7;0.7;95.9;16.9;43.5;23.8;24.0;23.4;72.2;97.9;7.4;9.6;88.9;13.8;22.7;20.9;57.6;74.8;70.7;63.8;87.3;90.3;75.1;22.4;30.0;20.5;33.8;18.2;9.6;10.7;1.6;2.6;27.8;44.1;56.4;33.5;69.6;64.1;42.0;20.2;34.8;18.1;19.5;36.5;41.5;37.5;22.7;6.7;96.4
text,music box melody,nan,309,5.648620128764973,0.7740525652986081,49.4;96.2;98.3;93.6;0.4;92.7;53.9;52.5;50.4;23.3;65.5;54.4;54.8;49.9;54.2;59.8;60.9;73.2;52.2;76.7;51.9;34.2;35.2;46.4;44.4;36.5;14.8;92.8;99.1;96.4;94.6;90.2;13.1;1.8;96.5;1.2;2.6;5.1;32.6;26.2;24.9;42.0;26.7;12.9;5.9;6.2;5.7;5.7;5.9;5.5;5.8;6.5;5.9;3.1;5.6;7.8;5.5;5.6;5.3;4.3;5.1;3.4;2.9;0.7;3.4;96.5;99.8;2.3;4.1;0.9;0.8;1.0;8.6;4.2;3.9;99.9;2.1;100.0;2.2;0.7;98.9;2.4;5.2;8.8;6.4;10.1;8.4;21.0;2.3;11.9;10.3;92.6;97.1;2.8;4.3;99.3;93.1;95.4;1.7;28.5;12.5;0.0;99.3;99.7;0.9;100.0;4.3;1.0;0.3;0.7;4.4;4.3;1.8;3.0;1.4;0.4;96.4;98.8;9.7;4.0;10.5;11.7;10.7;11.5;24.2;18.3;5.5;7.1;7.0;1.2;10.0;15.8;13.5;6.0;5.4;2.5;10.1;94.3;0.1;3.1;99.8;99.5;1.8;4.9;2.7;2.6;5.9;5.7;96.9;99.1;2.0;3.9;99.9;5.3;3.1;99.3;87.2;3.9;9.0;11.5;7.2;12.9;9.2;22.6;7.5;2.8;97.4;5.5;10.1;25.5;5.4;4.8;8.9;9.4;96.7;3.8;99.6;97.9;95.9;98.6;3.3;2.4;4.4;99.9;1.2;2.7;3.0;1.4;1.0;0.4;2.1;0.0;10.9;10.0;7.6;9.2;13.0;9.2;14.1;7.3;16.1;97.9;11.7;6.8;10.5;30.7;0.6;15.5;13.5;13.2;43.7;27.0;12.2;1.6;2.8;99.7;98.7;5.0;5.2;3.2;13.6;13.5;8.0;5.0;10.6;4.4;16.4;13.8;12.0;11.2;9.6;12.0;8.9;9.9;10.7;9.7;17.1;16.3;15.6;3.8;21.0;10.0;10.9;11.9;7.3;19.9;2.6;6.9;98.0;95.4;11.3;1.3;97.4;0.5;98.0;1.1;2.8;0.7;3.3;2.2;3.2;2.4;2.1;3.0;99.8;2.5;0.0;93.6;12.3;5.7;3.9;7.4;12.1;6.2;5.7;15.9;11.4;9.8;74.4;12.6;26.8;27.3;30.5;14.3;2.3;7.0;4.7;13.1;0.2;1.2;0.3;98.9;97.3;0.3;1.6;1.0;0.1;0.6;97.9;13.1;9.1;95.8;11.9;4.0;99.7;2.4;91.5;16.4;6.7
text,marching band,nan,307,97.41302734617733,0.910230332168543,98.7;97.2;99.4;0.9;37.8;42.9;27.0;34.1;86.6;94.0;95.8;2.2;2.2;99.9;94.9;94.3;92.6;94.0;97.9;0.4;97.4;97.1;95.2;95.6;94.2;93.0;93.8;94.9;99.0;98.2;7.4;79.4;97.6;97.9;1.3;98.2;1.6;7.7;78.4;78.4;70.5;90.0;19.8;32.5;6.2;98.4;97.3;97.8;98.6;0.5;0.6;0.2;99.0;4.1;92.5;93.4;96.5;99.8;1.0;3.6;7.3;0.7;8.2;12.2;19.1;14.7;15.7;95.3;58.1;78.2;87.5;92.4;99.6;97.8;99.6;99.2;1.6;3.4;64.2;96.8;98.6;1.1;1.4;0.1;99.6;98.2;99.3;98.7;97.8;97.8;97.3;98.3;98.6;95.9;96.4;98.6;98.6;98.1;99.8;98.3;0.2;99.1;100.0;98.5;96.5;98.4;97.4;98.0;1.9;99.4;86.0;97.1;97.3;1.8;1.2;99.2;99.2;2.0;1.0;1.1;97.5;0.2;91.0;92.1;97.9;97.8;98.6;2.4;99.7;99.5;0.3;99.3;96.4;96.8;1.8;98.3;96.4;1.5;98.5;94.2;91.2;92.5;92.9;96.7;99.9;2.4;0.2;99.4;99.7;97.3;99.5;98.0;99.0;9.0;1.1;97.5;98.1;97.2;99.5;1.9;99.9;97.6;99.0;99.8;94.0;94.1;86.8;92.4;93.4;90.1;91.6;97.7;99.3;1.6;0.3;99.4;96.2;98.1;99.9;97.4;97.5;92.3;87.7;92.1;92.7;92.7;94.9;93.6;93.7;99.2;95.5;91.8;94.8;94.3;91.5;93.3;96.7;4.3;96.5;0.0;96.6;90.7;91.5;93.0;0.2;98.4;0.7;0.8;97.8;92.8;89.6;91.3;94.3;90.6;89.8;95.2;0.9;2.5;2.7;5.1;96.4;4.2;99.1;1.6;4.1;2.1;90.6;91.7;90.4;88.2;89.9;90.7;96.3;96.6;96.2;97.5;96.6;98.1;98.2;96.1;97.4;15.6;0.3;0.6;1.5;97.4;98.0;98.5;99.4;97.2;99.1;98.1;90.4;94.5;97.9;88.6;96.1;96.8;94.1;94.8;94.2;97.2;94.6;94.5;94.3;96.1;98.1;98.3;93.5;97.4;99.9;83.6;94.8;93.3;91.7;93.8;93.4;97.5;95.1;97.4;98.0;96.1;93.4;0.5;0.4;94.9;95.4;95.6;97.8;95.6;94.5;95.2;92.1;98.8;98.6;98.6;99.5;97.3;99.1;97.5;0.3;98.7;98.3;96.4;93.6;98.4;98.7
text,soft rock with harmonies,nan,285,23.820601267534336,0.36932228199846023,28.4;31.3;28.7;31.8;32.7;31.6;31.1;31.4;31.4;31.1;31.1;30.0;28.0;26.4;25.8;29.3;29.8;31.1;31.7;32.3;97.6;6.2;98.3;97.4;96.6;96.4;97.2;98.0;97.5;93.4;96.2;89.2;89.9;82.7;84.6;77.6;95.5;88.3;90.3;89.1;15.2;7.6;38.4;95.2;36.5;55.6;64.2;52.2;19.3;22.7;29.5;46.4;2.6;79.5;40.0;39.3;20.4;20.2;30.4;43.3;32.6;17.3;33.8;75.7;9.9;46.3;34.6;56.4;46.3;58.6;51.1;36.9;9.2;94.7;66.1;28.5;11.7;3.5;23.9;34.7;15.9;18.1;51.5;45.0;27.4;98.5;6.7;32.8;30.9;49.3;74.4;14.1;65.6;8.8;55.6;92.9;8.8;30.7;20.9;18.4;37.1;42.8;16.6;90.3;15.6;15.3;96.5;36.2;35.9;63.6;33.1;28.9;32.0;16.1;22.9;31.5;20.8;24.5;28.7;64.2;98.1;11.5;65.2;9.2;67.5;55.5;28.1;21.5;17.5;66.3;6.9;54.6;78.9;18.7;56.3;30.0;26.4;47.7;54.0;67.0;35.8;14.1;8.6;62.9;20.0;7.7;13.4;64.8;25.7;64.6;89.9;21.2;25.8;20.9;25.4;22.5;33.6;27.8;68.0;32.5;2.6;98.6;24.9;2.1;65.4;8.7;7.4;35.3;25.9;23.5;15.6;11.9;98.9;71.9;33.0;45.3;29.9;22.1;5.2;8.7;1.9;44.3;92.0;24.9;21.2;87.8;58.6;52.9;68.4;21.2;33.8;75.3;96.5;69.1;22.3;26.3;7.2;24.2;22.2;4.3;29.4;23.4;25.8;26.0;34.3;51.9;16.2;6.1;26.1;79.0;23.1;48.2;7.7;66.1;25.2;64.5;30.6;17.2;31.9;23.2;25.2;95.5;24.6;60.5;29.5;30.0;28.6;24.5;79.9;26.6;5.1;51.5;24.9;33.4;19.1;25.2;16.7;23.7;19.5;26.0;81.6;23.9;29.0;67.5;6.0;37.3;68.6;70.1;27.2;69.7;18.8;22.7;28.3;25.3;16.3;23.8;20.4;14.3;93.2;28.4;15.7;22.8;21.0;21.4;67.7;93.7;57.6;76.8;23.5;17.6;97.3;64.5;29.5;67.5;13.4;75.4;30.8;29.6;41.7;39.4;37.1;26.9;68.0;34.5;7.4
text,vibraphone jazz,nan,301,3.305015847379625,0.20068868095054015,9.4;6.1;10.3;97.8;13.9;10.4;11.2;7.1;29.5;30.8;20.7;8.9;48.6;98.8;58.0;17.5;1.1;2.8;4.9;13.0;86.2;4.1;3.3;0.8;7.7;13.9;35.9;29.8;5.5;85.0;60.6;45.2;17.4;2.4;94.4;62.7;55.8;42.2;10.6;45.1;5.0;47.1;13.7;18.1;18.0;15.5;3.1;55.3;51.4;54.1;95.7;98.4;93.1;88.8;91.3;0.5;99.3;97.9;92.7;97.3;18.8;54.2;76.3;65.7;59.0;59.4;47.8;52.6;75.7;79.0;84.6;85.3;78.2;80.3;82.3;79.9;76.0;67.3;59.8;64.6;69.9;76.6;83.1;78.2;76.9;85.7;83.0;72.6;82.2;78.9;85.2;86.9;91.3;96.4;95.4;95.4;91.3;83.3;83.2;82.5;90.0;91.9;87.8;74.5;73.8;0.9;1.0;6.5;3.6;7.8;99.9;99.6;61.5;37.9;28.4;34.4;48.1;67.5;4.6;47.0;35.1;25.1;16.0;7.1;26.5;18.8;25.8;26.9;22.3;16.7;38.8;39.4;91.6;0.4;0.4;5.0;99.0;5.9;8.1;37.1;21.3;31.3;24.4;18.3;20.5;5.9;6.6;18.3;93.0;36.3;72.0;18.4;17.5;59.9;69.5;79.2;49.2;53.5;41.7;26.0;35.2;33.1;31.6;32.1;46.1;53.4;52.4;64.9;37.2;53.4;70.9;52.0;66.2;67.6;71.0;66.3;72.5;80.0;69.9;50.1;73.1;87.3;68.6;83.8;87.8;6.5;43.4;64.1;45.9;46.8;48.2;21.2;4.5;7.9;45.3;44.9;41.0;52.1;40.0;52.8;58.8;1.7;11.8;15.8;68.2;37.9;19.8;96.8;0.6;1.4;6.4;40.5;46.0;13.0;9.3;9.8;58.0;45.4;18.4;26.2;27.7;18.3;50.6;97.8;21.5;39.1;21.1;2.2;95.3;91.0;68.8;96.5;87.1;88.9;97.7;1.1;90.1;8.1;97.3;96.9;0.0;0.7;96.1;97.3;99.6;6.4;0.5;12.1;99.1;14.9;5.7;95.8;33.3;26.3;17.4;88.2;17.9;96.0;68.9;52.5;80.4;89.1;56.5;89.6;7.3;3.0;3.3;62.9;57.5;23.4;24.6;17.1;44.3;5.3;33.5;58.5;65.2;49.1;37.1;22.4;27.7;23.1;92.2;1.1;9.2;11.7;11.9;12.6;20.8;14.9;12.7;71.3;67.4;76.6;25.2;74.7;90.2;5.4;95.2;5.2;5.8
text,accordion waltz,nan,309,19.56724061846665,0.7724912917044177,4.2;8.9;14.0;13.1;12.5;9.6;10.0;12.5;9.8;14.3;20.4;32.8;13.5;16.3;22.9;24.8;22.5;14.4;12.7;20.2;11.9;12.6;6.9;23.1;25.7;22.6;25.9;21.4;20.8;25.1;30.1;34.0;44.8;23.8;28.1;25.1;53.2;44.0;35.7;23.2;15.7;18.2;18.8;27.3;43.6;37.9;35.4;73.4;26.0;11.1;10.9;34.6;5.7;15.0;14.8;27.8;31.5;32.2;33.3;25.1;14.6;26.7;25.3;31.2;22.6;8.5;23.3;25.5;32.2;36.1;26.6;24.8;30.1;36.1;30.9;25.8;34.3;32.7;31.3;25.8;26.6;36.1;29.0;21.6;33.5;11.0;30.3;27.9;17.8;17.7;13.4;21.4;15.9;14.0;13.0;15.3;10.2;13.4;9.5;9.8;3.2;8.3;1.6;36.4;34.2;30.4;23.6;26.4;26.3;20.2;21.0;96.1;19.4;35.9;34.7;18.6;28.4;33.6;27.4;15.7;18.5;14.3;20.7;6.4;22.6;41.7;24.0;95.8;7.8;10.4;30.4;36.0;34.6;33.4;25.8;29.2;28.6;15.0;20.3;23.4;18.5;26.5;21.0;24.0;26.8;18.5;14.9;19.5;12.7;26.6;30.9;7.1;18.8;16.8;24.6;18.3;14.4;14.9;12.8;13.4;16.9;19.1;20.9;23.5;24.0;23.7;27.4;8.5;16.9;19.6;18.2;31.7;34.1;32.4;34.6;34.4;25.0;22.0;21.4;26.5;24.7;26.4;24.5;16.4;27.6;20.0;24.5;18.3;24.6;29.3;31.4;27.7;21.2;26.3;21.0;25.2;20.7;27.6;32.4;21.8;9.6;12.5;76.7;15.5;11.1;17.7;21.2;31.6;12.2;17.8;36.8;74.7;37.0;25.3;11.4;7.1;9.8;94.0;5.1;12.1;43.4;20.2;18.4;15.7;34.8;68.2;0.1;12.4;12.0;18.1;15.7;19.7;92.2;10.0;10.0;13.5;3.1;12.6;11.0;17.0;97.7;78.4;3.1;98.3;22.5;14.7;8.6;13.5;98.6;91.6;97.6;16.1;20.5;21.0;30.7;19.5;24.8;27.0;23.3;93.9;6.4;10.1;0.4;1.7;74.5;98.2;27.5;11.4;17.0;22.0;15.3;13.8;17.6;12.7;11.5;8.0;12.8;10.4;1.8;3.4;6.6;14.1;27.8;28.3;27.9;30.3;17.9;14.8;11.7;10.9;17.8;7.7;72.1;11.2;17.9;18.4;20.7;20.3;16.1;16.2;18.2;10.1;9.7;8.9;20.4;19.9;11.3;4.0;22.6
text,solo violin caprice,nan,307,97.14784729536444,0.5678574624422535,86.9;14.5;5.1;31.5;23.2;26.4;13.9;16.1;22.0;13.7;26.1;13.7;13.6;83.2;29.8;93.4;65.7;10.8;3.1;75.4;3.3;97.9;65.6;73.4;68.6;52.8;45.5;59.5;67.9;74.8;46.7;54.1;59.7;57.4;39.3;32.9;42.9;39.9;45.7;64.5;19.0;10.6;7.4;6.3;7.3;8.7;14.0;9.1;13.5;6.8;10.2;21.1;36.0;36.0;4.0;98.2;26.1;42.9;62.5;75.2;85.0;86.5;88.3;87.1;86.1;64.1;60.6;63.4;74.9;71.7;84.2;97.0;87.0;52.0;57.2;70.5;84.4;98.8;55.6;65.6;66.3;85.7;86.0;91.0;82.1;64.8;79.5;88.5;3.0;1.4;61.6;91.7;92.7;97.9;0.8;95.2;97.1;3.0;3.2;93.7;89.0;93.9;86.5;42.3;17.6;43.4;62.3;33.9;30.1;62.2;70.1;87.1;92.8;90.6;89.8;83.8;91.9;95.9;94.4;75.4;86.2;92.8;1.8;94.7;93.1;97.5;97.0;91.0;96.3;90.1;98.7;0.9;95.2;96.0;85.9;0.1;98.7;0.8;92.6;1.4;89.7;91.3;89.8;88.8;87.3;89.4;57.6;57.2;5.9;4.1;96.2;7.7;3.4;9.4;4.1;1.9;95.2;91.8;2.1;99.5;96.6;87.4;87.7;73.7;81.4;7.8;9.1;2.7;2.6;0.7;96.3;97.8;98.4;2.5;99.8;2.3;95.6;95.0;93.6;93.3;95.4;87.0;96.6;99.3;0.9;93.0;91.4;96.7;92.4;98.9;97.4;100.0;85.1;72.0;28.1;86.8;79.4;91.2;92.5;99.4;67.1;77.6;85.2;99.7;97.1;99.0;0.8;2.0;3.5;4.1;3.5;1.1;0.8;2.3;0.4;0.3;2.5;3.1;2.5;3.7;2.9;4.8;2.9;4.7;8.2;4.0;3.1;2.3;97.1;0.5;6.1;3.5;6.1;3.0;1.6;6.7;95.7;2.0;3.3;69.7;2.2;97.6;4.2;99.7;98.9;91.8;92.7;0.1;92.7;79.6;17.8;72.4;82.1;3.0;8.8;7.7;15.5;12.0;99.4;95.0;3.0;5.1;7.5;9.7;2.6;97.5;86.3;77.8;86.9;98.9;6.7;5.1;6.2;93.3;6.4;8.0;12.5;98.6;3.7;6.5;93.8;70.5;71.7;96.9;2.6;5.7;9.3;13.6;97.6;6.3;100.0;94.2;77.1;3.2;5.1;5.2;4.9;3.5;10.5;3.8;5.4;69.7;67.8;46.4;44.0;0.4;4.7
text,chamber choir hymn,nan,227,11.619701882918124,0.5362369884735807,4.0;18.8;8.6;9.5;82.9;8.2;8.8;9.9;10.6;16.3;90.7;5.2;5.3;4.2;7.6;6.8;5.3;24.8;72.5;33.1;78.2;79.2;21.5;8.2;18.0;30.8;5.0;31.2;21.2;15.1;28.6;25.8;16.8;97.3;35.2;91.2;13.7;22.3;21.7;10.1;10.1;2.0;7.2;8.2;6.0;10.3;2.4;0.1;3.2;8.9;13.0;11.3;9.5;7.4;6.4;6.8;8.6;9.3;3.3;19.3;10.5;10.2;16.5;8.5;8.0;7.5;5.3;10.8;5.0;98.2;1.9;4.7;5.2;93.2;4.9;10.6;17.4;12.0;3.8;92.8;3.1;6.7;6.6;1.7;10.6;14.3;5.6;53.7;3.0;4.4;13.7;21.3;6.0;23.3;29.2;1.4;1.0;82.5;10.4;53.1;5.9;10.2;30.3;2.7;22.6;27.1;95.1;32.5;44.0;0.5;30.0;24.1;85.8;33.8;29.5;68.7;2.2;76.9;7.2;3.7;3.7;24.2;89.1;23.2;94.8;60.6;93.9;17.1;1.9;26.9;81.8;0.4;43.3;61.0;85.0;52.8;59.0;14.4;41.9;65.5;71.3;87.0;31.9;97.8;71.0;74.9;46.6;37.8;26.2;34.3;43.9;40.4;41.1;98.2;27.9;28.4;29.4;25.0;42.0;92.9;86.2;95.2;19.0;86.0;69.6;6.9;30.3;35.2;81.5;83.4;66.0;87.9;95.4;90.3;80.3;28.3;93.3;27.3;8.8;5.1;6.6;6.4;26.2;29.6;25.5;29.7;14.8;10.0;27.4;38.1;32.5;27.3;43.8;87.2;28.9;10.4;7.0;24.2;24.0;9.2;6.7;15.0;27.4;10.9;8.9;5.9;6.1;11.5;9.5;2.1;5.7;6.3;18.2;21.0;24.2;0.4;5.1;6.3;14.9;38.4;31.6;23.2;32.1;42.6;22.2;10.3;31.5
text,electric piano lounge,nan,295,3.313701037611157,0.35528689563946364,0.9;1.0;0.4;5.7;97.7;77.2;69.3;66.2;41.7;2.5;0.8;23.2;70.7;49.3;26.1;12.1;70.6;47.3;51.4;3.6;98.2;97.4;97.3;89.1;97.7;1.4;64.0;77.5;28.1;40.3;37.7;3.9;12.1;21.1;87.4;0.8;91.3;67.1;2.6;2.4;3.3;1.0;0.6;88.7;99.5;1.9;1.5;21.7;71.6;3.1;16.3;94.2;96.2;57.7;0.1;94.5;90.0;95.5;98.5;92.0;90.4;93.0;86.3;87.2;98.3;53.1;11.2;90.1;99.1;96.9;96.1;24.6;98.0;96.8;97.6;93.5;3.9;99.6;3.9;96.8;97.3;40.5;98.8;99.1;86.5;99.6;99.1;98.2;36.0;56.4;6.0;68.6;4.6;35.3;84.3;78.2;94.0;85.8;94.8;30.6;0.1;69.2;38.0;54.7;84.1;37.9;57.6;21.8;82.3;12.3;17.5;5.5;19.1;34.8;56.7;95.2;10.0;92.4;7.8;97.3;20.5;17.7;16.6;74.6;9.6;18.3;19.1;2.5;35.8;83.8;66.7;96.2;23.0;98.8;98.6;80.3;5.7;92.9;99.2;85.0;52.1;28.1;98.8;11.2;17.5;73.4;54.4;85.0;27.1;12.6;34.1;49.2;56.8;23.5;8.1;93.8;26.0;40.2;89.6;96.8;10.5;5.6;87.1;83.9;55.5;21.1;56.2;11.3;7.4;6.3;64.9;6.1;65.8;75.4;23.1;69.8;81.1;5.7;41.8;78.3;92.2;99.2;23.9;20.1;91.6;10.0;5.4;16.3;29.1;86.4;41.4;28.8;52.1;32.7;76.3;76.4;6.0;10.4;66.8;98.0;93.9;78.2;78.6;27.4;30.7;0.9;29.6;76.7;32.8;30.6;40.6;8.0;8.7;55.8;10.7;16.9;67.4;71.0;16.9;72.8;45.7;18.8;17.0;2.9;30.1;3.1;3.3;10.6;17.8;52.3;6.5;19.7;35.3;22.8;87.1;60.2;64.6;67.7;0.9;99.8;11.8;4.4;100.0;96.9;0.8;3.9;7.9;9.5;7.8;98.1;94.5;96.9;4.1;36.0;21.6;25.8;66.0;97.5;5.7;27.2;11.6;7.4;10.3;8.8;5.0;0.1;7.8;8.6;10.4;21.0;80.9;87.0;66.3;77.3;52.7;51.6;55.5;5.6;28.6;21.3;32.0;27.5;31.4;55.3;0.8;99.4;9.5;40.5;69.6;37.5;97.3;24.0;15.8;50.3;84.0
text,epic trailer strings,nan,260,90.88013860170304,0.6690025076880036,91.1;93.8;92.9;71.7;90.4;15.8;93.0;89.0;9.1;81.4;92.5;97.5;87.0;28.8;87.6;78.6;75.8;83.1;92.6;1.5;82.0;90.6;95.1;95.1;93.6;99.1;92.7;93.9;97.8;8.4;78.9;83.2;72.2;82.1;9.0;80.1;92.3;77.3;39.2;81.9;88.7;75.6;92.9;65.1;69.6;71.3;95.5;94.2;71.7;5.6;85.9;5.4;7.1;89.8;96.8;89.0;82.0;97.6;97.3;13.7;86.5;93.3;91.0;70.3;91.3;96.4;97.9;96.4;93.7;2.2;93.9;89.9;93.6;95.2;98.1;91.2;2.4;92.4;0.7;95.0;87.2;87.3;95.5;96.8;92.4;90.2;88.0;97.3;97.4;93.7;99.5;2.3;4.1;93.0;89.2;7.6;96.1;81.4;10.5;88.6;92.6;80.7;92.6;1.3;88.3;91.3;80.5;98.0;87.7;95.5;84.9;91.1;83.9;96.9;92.1;83.2;77.0;97.1;96.2;98.2;93.9;86.5;1.4;82.9;84.8;93.2;88.0;83.6;99.7;88.7;0.2;80.6;82.1;93.9;89.1;88.7;87.9;73.0;74.4;89.3;89.9;90.1;97.4;90.5;0.0;89.4;85.3;97.7;81.7;80.8;90.4;0.2;94.2;87.5;85.4;87.9;85.6;88.9;79.1;78.9;88.8;99.7;99.4;83.4;86.3;96.2;82.9;82.2;87.3;85.5;93.5;92.3;85.0;78.9;87.3;88.3;81.1;84.2;94.7;86.1;81.0;84.3;92.1;89.2;0.9;95.1;98.7;91.1;97.8;87.2;97.8;97.7;93.8;63.1;64.5;84.3;88.7;36.8;90.5;92.6;89.6;86.3;0.6;87.4;0.1;4.4;10.3;74.6;44.9;78.7;92.7;79.0;6.1;72.2;9.4;90.6;21.5;22.5;74.1;29.1;72.0;20.6;81.2;40.6;63.6;33.3;83.7;8.6;59.3;76.6;59.9;41.3;29.1;3.6;28.3;7.6;64.8;30.7;20.2;95.0;35.6;85.0;34.9;45.4;7.6;96.5;13.0;47.7;90.8;46.8;91.4;47.0;4.3;97.7;45.5;81.6;33.7;66.2;98.3;65.4
text,ukulele song,nan,301,8.296535968071112,0.3141940671754559,98.3;72.6;99.6;8.2;15.9;17.1;14.3;29.0;33.7;62.3;41.1;83.2;66.7;21.2;31.3;74.4;3.0;29.5;78.0;89.6;77.2;47.7;49.3;99.7;60.9;36.2;22.4;7.5;24.7;23.3;25.7;26.8;66.5;8.2;84.0;45.7;79.3;91.6;15.4;76.4;45.2;25.8;13.8;33.7;46.8;79.6;9.2;9.3;35.5;49.9;17.8;5.3;58.3;13.7;23.4;27.2;28.6;22.0;16.0;16.7;86.4;29.9;18.1;76.6;9.1;94.1;23.9;15.5;28.5;26.2;25.4;8.5;92.8;14.4;81.9;65.6;35.4;9.6;8.6;11.8;15.3;17.8;8.1;14.2;53.4;30.8;7.1;98.5;55.7;11.7;55.0;9.7;84.3;85.8;93.1;34.9;79.7;60.0;34.2;39.9;78.4;73.3;17.8;44.1;55.0;32.1;74.7;93.9;80.6;94.9;25.4;11.4;8.8;96.7;90.7;80.0;60.2;68.1;5.3;3.7;96.8;98.0;80.8;81.7;93.8;58.2;96.4;13.9;10.6;4.1;5.4;4.9;1.5;90.0;66.3;80.5;9.2;89.2;80.9;20.8;9.0;0.4;83.8;55.1;36.1;44.5;72.1;74.9;68.9;93.4;15.9;18.9;6.7;12.0;21.1;4.9;35.1;9.9;15.5;2.1;81.2;26.4;38.0;37.4;14.3;8.4;10.5;9.7;15.4;10.9;14.6;9.4;50.1;71.2;10.6;4.0;1.5;8.6;15.8;11.7;15.6;10.4;0.2;91.9;98.9;0.1;98.2;97.0;89.9;2.1;58.8;9.2;27.9;87.8;10.7;35.7;95.9;0.8;68.5;85.0;13.6;25.4;18.0;41.2;34.7;70.8;34.7;62.5;1.2;94.9;2.5;50.5;90.9;57.0;67.2;61.5;69.0;66.4;57.7;57.5;97.2;77.7;52.4;96.6;3.3;2.0;98.3;11.5;7.9;29.1;59.4;70.7;91.1;0.2;19.1;59.9;14.8;17.9;17.0;6.1;25.5;13.5;3.5;4.6;89.6;22.0;6.7;21.4;16.6;20.9;18.4;39.8;10.8;25.6;90.6;91.9;74.1;84.0;11.2;8.9;15.9;8.4;28.3;25.6;99.2;18.8;92.1;85.6;91.3;14.1;0.0;4.0;16.0;21.6;18.6;63.9;49.6;13.6;19.0;16.6;98.5;3.8;18.0;5.7;1.3;98.9;16.3;52.4;83.8;9.0;41.6;3.6;63.4;87.1;60.1;48.7;36.7;47.6;61.4;76.6;12.5
text,mandolin folk dance,nan,309,2.7458861639844487,0.5629993571264892,14.5;96.4;14.1;14.9;15.9;99.4;20.2;6.7;11.6;16.6;95.0;85.9;38.7;1.5;2.0;13.3;15.5;15.5;13.9;98.9;16.5;12.5;22.2;3.2;19.6;0.1;3.3;78.1;77.0;15.5;15.0;14.8;18.0;16.7;20.4;30.0;13.8;14.0;12.5;68.7;3.8;1.4;99.5;1.2;98.3;86.7;98.8;32.6;0.9;0.7;97.8;0.4;0.8;1.3;1.1;0.3;0.6;0.4;99.1;99.0;0.1;98.3;1.6;3.1;8.9;15.5;91.2;14.5;14.8;15.7;17.1;15.6;20.3;1.6;1.0;1.0;0.3;99.5;0.9;0.5;69.5;5.2;97.8;6.8;74.4;64.3;1.9;99.0;97.7;1.4;99.8;0.5;98.3;97.7;70.1;3.1;99.6;1.0;16.5;28.1;8.1;98.6;98.9;98.3;94.2;99.6;99.3;99.4;99.5;98.8;86.3;2.8;94.1;13.9;14.1;16.7;37.5;50.6;98.2;96.7;97.3;48.2;1.7;0.6;0.3;0.7;98.1;93.3;7.7;38.0;98.3;99.3;99.7;96.9;97.5;98.7;42.7;96.7;2.8;72.7;0.0;97.6;7.4;11.7;51.2;0.7;96.6;43.2;97.9;96.2;96.8;1.1;83.7;19.2;78.7;88.4;91.1;27.8;15.9;85.3;5.8;96.6;2.8;79.8;78.8;29.8;1.1;12.6;5.1;13.0;16.4;35.6;98.0;97.5;31.3;97.9;97.5;0.3;29.0;40.1;42.6;3.9;1.3;0.6;99.1;98.6;97.5;71.3;99.7;41.9;42.3;44.1;71.1;47.2;94.0;97.9;97.3;96.6;53.0;0.9;98.5;97.8;42.1;43.9;99.4;0.9;38.1;38.1;42.4;99.8;0.1;98.5;98.2;97.8;48.4;99.3;98.9;98.5;70.6;2.5;10.2;30.1;99.5;98.4;97.6;97.7;0.8;99.3;99.1;98.2;98.6;98.9;98.7;98.5;98.4;68.6;98.3;97.8;48.9;99.2;99.2;97.2;98.3;98.5;98.7;98.2;97.3;70.0;97.7;71.2;0.0;98.6;46.0;49.5;98.7;97.0;98.5;96.5;98.2;97.6;96.8;97.2;97.1;48.8;2.9;46.4;98.1;96.6;48.8;29.0;28.9;97.9;28.1;99.7;49.5;99.8;99.0;40.5;69.2;98.5;97.6;99.1;45.7;42.7;93.9;95.3;71.6;35.1;99.5;96.0;93.6;50.7;98.6;49.4;97.8;96.3;97.2;29.3;29.0;96.4;28.5;50.4;97.5;49.6;14.1;49.7;95.2;5.1;28.9
text,oboe and strings pastoral,nan,309,1.2315412134643153,0.9571491680733359,16.4;15.6;12.9;12.9;13.4;16.6;15.8;14.3;15.6;12.2;8.8;11.8;100.0;9.3;10.0;99.0;94.8;96.6;96.6;12.3;8.3;0.7;0.3;99.7;98.8;0.7;99.3;99.5;98.7;97.9;98.3;99.4;98.8;99.8;98.3;97.7;98.2;98.1;99.5;99.8;97.6;0.5;25.5;2.7;100.0;16.4;99.5;2.0;1.4;1.4;2.5;2.9;2.9;2.0;1.6;99.5;0.2;2.7;4.5;1.3;0.9;0.9;1.3;2.6;0.9;3.2;3.9;2.0;1.0;99.1;98.5;99.3;0.4;99.7;99.2;97.7;0.3;0.6;96.5;96.7;96.0;98.8;98.1;98.5;96.4;95.3;98.4;97.3;98.5;99.0;99.0;98.4;99.2;95.3;3.2;13.7;14.0;12.1;4.3;5.5;3.5;1.8;2.3;1.1;2.5;4.3;5.1;6.0;2.6;99.3;1.0;1.1;2.4;1.7;99.8;0.6;99.2;1.0;0.2;99.4;99.5;2.1;3.9;1.7;99.9;97.9;99.8;97.9;99.2;2.8;1.1;1.5;1.4;98.6;0.8;99.6;91.7;98.9;1.0;99.1;0.9;0.3;100.0;98.6;98.3;99.3;1.2;98.1;98.6;95.9;3.2;2.7;99.8;100.0;2.3;100.0;98.0;94.9;4.6;94.3;99.4;0.1;2.2;3.0;3.5;1.7;1.1;99.7;0.4;99.3;0.6;0.7;99.2;99.1;99.7;2.5;3.5;1.1;0.1;2.8;3.3;2.0;1.5;98.2;2.8;4.3;0.5;1.2;1.2;99.5;99.9;0.2;1.8;2.8;3.1;6.0;9.3;12.8;16.2;3.6;3.6;2.0;1.2;5.1;7.5;99.2;1.0;99.0;3.1;0.7;97.5;96.8;95.6;97.8;97.9;99.5;0.4;99.2;97.3;99.3;99.1;98.8;98.6;94.5;96.2;98.8;97.9;0.2;99.0;99.8;99.8;0.5;96.4;95.7;98.9;1.4;98.1;95.6;95.2;98.5;99.4;0.5;99.6;95.9;98.6;98.7;99.2;99.2;0.5;97.7;98.6;1.9;98.9;99.8;99.4;99.3;96.0;90.5;96.3;96.6;77.7;4.3;99.9;97.4;2.5;0.5;98.3;1.3;94.6;95.5;1.2;0.5;99.6;1.0;11.6;12.2;14.8;7.3;2.2;3.2;6.3;3.2;1.1;1.2;1.7;1.9;2.4;0.9;0.2;0.5;0.9;1.8;1.4;3.0;0.2;98.5;98.7;8.5;10.7;5.1;2.3;3.1;2.3;99.7;0.4;2.5;3.4;2.2;2.4
text,"solo piano, slow ballad",nan,309,3.589103657731425,0.7904013690423929,15.1;7.3;7.2;3.4;1.8;5.0;9.9;5.0;98.4;2.5;5.9;82.6;7.3;87.7;3.5;96.9;15.6;34.6;34.7;98.4;34.3;34.8;98.9;0.7;0.6;0.2;97.1;97.9;96.4;99.1;4.7;0.9;3.9;0.6;2.1;0.1;98.9;4.0;99.5;100.0;1.7;99.5;0.8;0.7;7.1;93.0;98.4;9.4;97.9;84.3;85.9;85.6;82.3;88.6;97.1;88.8;98.9;1.4;86.3;72.9;17.1;14.9;96.2;4.2;3.7;3.4;73.0;12.3;28.4;21.9;32.6;28.6;32.0;21.6;1.8;86.2;4.1;0.7;2.7;18.4;19.6;99.8;20.8;18.3;20.8;19.3;19.2;18.8;17.3;20.3;99.2;1.2;98.7;99.2;97.9;96.8;99.9;98.5;94.4;94.2;93.8;42.0;39.7;41.7;47.2;9.5;1.6;4.5;96.4;3.0;97.7;0.0;90.8;94.6;95.5;95.5;93.5;87.9;93.8;89.1;91.8;15.4;5.1;4.6;99.5;10.5;95.4;3.4;5.7;3.2;3.5;6.2;4.6;7.9;97.4;2.2;6.9;11.2;1.4;2.2;1.1;5.9;5.1;7.4;4.7;8.4;8.2;9.5;7.1;5.6;0.6;6.5;8.4;4.9;11.5;7.7;9.1;6.3;14.5;8.4;10.5;3.4;6.8;2.9;5.9;6.4;4.5;5.3;6.6;1.6;2.2;1.4;2.6;4.6;3.5;5.2;2.5;1.9;3.2;6.2;5.2;9.9;2.2;28.7;17.1;29.1;15.8;3.0;8.7;1.6;3.6;98.7;97.8;14.8;94.6;9.7;6.5;4.3;6.5;7.2;7.0;4.3;4.8;0.3;0.1;5.7;96.7;2.1;8.0;3.0;97.1;7.2;5.7;99.1;3.0;6.7;6.4;5.4;4.6;99.4;1.5;0.2;2.3;2.4;99.9;97.6;84.6;73.9;65.4;66.7;63.5;63.8;66.3;99.5;1.2;3.2;98.1;1.9;92.6;99.5;86.5;78.6;7.0;8.2;5.9;1.9;4.7;2.0;6.8;3.7;3.8;2.1;2.7;4.3;99.1;3.5;5.7;14.2;3.1;2.4;8.1;95.3;100.0;0.4;1.6;0.7;99.1;0.3;97.6;97.6;1.7;94.6;0.1;90.5;94.6;13.7;96.2;0.3;95.3;7.1;13.1;9.5;14.3;8.2;12.6;6.6;27.2;40.4;17.2;4.6;12.4;4.7;2.6;7.8;4.1;9.8;9.7;1.6;3.6;1.4;89.3;3.0;21.6;52.3;5.8;3.5;10.5;6.3;8.1
text,acoustic guitar fingerpicking,nan,308,5.174807156761625,0.32367940907993925,54.5;70.2;84.6;95.6;7.1;88.2;57.9;65.2;29.1;99.3;7.3;95.8;93.7;66.8;17.0;93.4;27.2;74.0;78.8;83.5;12.9;67.2;7.1;7.8;9.9;22.5;17.4;9.5;60.5;18.5;77.1;76.0;18.5;17.1;44.0;52.0;33.3;68.8;91.8;91.3;96.5;92.7;89.3;84.7;78.6;90.0;98.6;68.9;33.5;14.9;36.5;2.3;12.9;97.9;55.1;95.9;26.4;95.6;94.3;4.9;99.2;89.3;95.5;4.9;3.6;94.0;98.2;7.0;90.3;34.7;25.8;20.6;28.4;34.3;7.5;20.1;8.3;97.2;88.5;24.3;68.1;9.6;8.4;17.6;23.3;96.6;42.5;18.5;29.3;26.5;30.7;9.7;94.3;58.4;19.0;57.4;25.8;69.0;97.6;1.8;83.2;96.5;4.4;19.3;7.2;14.8;9.4;88.4;40.7;4.7;9.8;24.4;55.8;41.1;73.5;48.8;72.1;93.6;78.6;40.8;45.7;71.5;59.4;96.0;73.4;21.2;17.4;5.6;6.0;42.4;4.2;32.2;18.1;18.8;31.2;24.3;26.5;11.4;30.0;19.7;73.5;56.3;31.6;57.4;0.3;80.3;15.0;81.2;34.8;22.0;22.9;35.4;33.7;25.7;20.3;60.6;17.8;20.0;3.7;88.3;89.4;74.0;39.9;4.1;19.8;16.3;4.4;99.3;83.6;16.8;48.7;14.0;49.8;21.7;10.6;7.4;3.0;0.2;12.9;6.1;87.4;4.6;85.4;89.3;95.6;92.7;5.4;7.3;34.6;12.4;47.3;50.7;82.7;22.4;29.6;56.1;90.3;32.6;72.6;80.6;92.3;50.1;32.5;3.9;7.2;6.2;13.5;13.2;7.2;79.5;31.8;77.2;83.6;56.0;68.4;52.2;94.5;91.0;6.1;45.3;60.4;58.0;70.9;25.1;83.6;21.9;0.1;54.1;17.9;81.2;99.9;90.6;46.9;13.7;13.7;45.9;80.1;0.7;19.7;45.8;8.1;83.9;5.5;25.3;8.0;96.0;92.5;3.9;96.1;2.6;99.5;13.4;70.3;61.4;9.6;96.7;11.6;10.6;4.4;1.4;81.7;10.9;3.6;8.8;96.1;89.5;60.6;83.5;27.0;68.2;50.5;93.8;9.7;89.2;64.7;11.5;97.8;72.4;33.1;57.8;71.2;39.8;12.2;93.3;11.1;0.4;12.0;2.5;7.8;2.2;15.5;91.4;7.7;4.9;5.2;7.6;8.7;10.9;1.6;63.5;2.6;84.4;43.0;85.7;23.0;0.5;92.7;39.5
text,"string quartet, andante",nan,309,2.6255207867289085,0.34339401282260495,12.7;11.5;11.8;14.3;92.2;79.9;17.6;21.6;15.9;15.8;6.1;4.9;4.6;7.0;4.8;5.9;7.9;4.3;6.8;10.1;18.6;0.6;96.7;11.9;4.5;10.2;8.8;16.4;10.7;28.9;84.8;72.8;75.9;84.3;80.1;63.5;64.4;66.4;65.0;68.5;18.1;66.6;72.0;74.5;67.9;62.8;73.0;61.6;66.8;86.7;73.5;65.0;19.5;78.8;20.3;25.6;35.6;40.4;40.2;30.8;90.9;52.8;30.0;3.6;21.6;26.0;25.7;65.7;66.1;70.4;52.4;82.4;68.5;92.3;92.9;91.5;14.8;5.2;8.8;6.6;97.4;10.8;65.7;21.4;3.4;31.7;85.8;5.5;91.7;16.2;92.0;72.7;8.0;74.6;90.6;43.2;87.8;76.3;17.1;31.1;13.3;16.2;7.7;19.3;21.3;16.4;14.8;1.1;7.1;65.9;9.3;68.1;11.8;16.7;82.0;16.5;21.8;44.9;95.2;70.6;73.0;48.9;81.2;96.0;11.9;18.5;12.3;11.7;15.1;95.6;57.5;6.1;0.9;11.6;20.8;36.3;67.8;70.6;95.0;59.9;75.7;14.7;67.3;98.7;20.1;53.8;95.4;93.9;6.5;30.5;17.2;11.6;10.4;36.0;28.1;13.6;12.3;15.5;15.3;13.4;17.5;12.6;3.7;0.1;0.1;87.2;60.1;10.4;12.2;76.4;79.1;76.3;32.9;7.6;63.8;99.5;44.2;59.9;17.1;10.6;10.8;23.9;18.3;6.4;7.3;17.7;20.7;92.2;28.0;81.8;5.3;3.3;83.3;70.3;96.1;54.1;97.8;57.4;42.0;27.5;19.1;83.3;8.9;61.8;80.7;11.7;63.7;86.2;82.9;75.7;78.7;81.5;78.4;92.6;89.4;13.5;5.7;93.0;85.3;99.3;21.6;11.0;19.5;2.7;85.5;95.2;39.6;14.4;29.3;59.4;72.9;88.1;81.4;63.4;69.9;14.1;14.3;12.9;22.5;95.4;77.2;97.1;1.3;92.5;74.8;49.3;52.3;65.7;79.8;96.6;61.1;78.6;20.5;98.1;15.2;11.0;9.0;9.2;9.4;14.0;96.8;1.9;79.1;98.6;85.1;70.6;14.3;80.6;94.5;98.6;30.1;33.8;81.5;71.9;74.3;51.2;75.9;53.7;1.4;13.8;93.5;39.9;24.9;22.7;15.1;26.2;19.1;8.5;7.8;20.9;97.9;93.4;15.0;1.5;27.1;27.0;13.9;99.9;2.4;1.4;2.8;5.9;4.3;93.7;92.5;85.8;84.0;96.4;12.3
text,jazz trio with upright bass,nan,209,5.437591129523053,0.3783842917097141,24.8;21.8;2.2;0.1;1.8;6.8;6.3;5.6;1.0;3.9;91.1;98.6;99.6;3.2;7.6;86.6;96.1;81.6;26.9;24.1;9.5;78.2;53.8;19.0;5.3;8.0;4.1;2.1;5.9;25.0;80.2;64.4;27.3;81.8;87.5;87.1;83.7;82.9;80.9;87.3;88.0;28.8;33.3;48.3;41.2;43.0;40.9;48.4;36.7;49.5;49.1;74.8;60.1;78.5;10.1;3.9;5.6;4.1;4.5;8.0;39.6;34.8;34.2;18.5;76.5;67.0;5.5;84.3;89.5;29.2;96.4;87.2;59.8;21.4;25.9;43.6;54.0;67.6;33.9;57.3;9.0;80.8;20.6;50.3;26.4;22.7;89.7;12.7;13.9;13.8;13.4;14.3;12.2;13.9;16.2;12.5;14.6;91.4;6.1;4.8;4.5;3.1;4.5;7.5;6.7;3.2;1.4;0.2;1.3;3.7;1.9;1.4;1.8;0.9;3.7;96.5;12.7;94.9;0.7;97.4;3.4;2.5;2.9;1.0;4.2;1.6;17.7;14.5;1.3;1.3;6.0;55.4;5.6;87.3;6.6;70.7;65.5;59.9;54.6;22.8;42.3;35.7;43.5;83.6;96.2;96.3;91.7;84.5;65.5;74.2;62.5;38.4;43.1;33.2;35.1;48.2;12.8;69.0;99.8;51.9;0.6;98.2;37.8;69.4;88.4;2.5;4.3;7.6;36.8;40.9;90.9;94.8;3.1;2.0;5.2;7.6;97.6;73.0;80.3;79.9;96.8;36.2;38.4;40.8;34.9;36.9;45.3;45.4;48.9;44.1;7.8;2.0;9.7;6.8;2.2;5.6;2.9;22.3;6.8;2.8;98.0;3.8;2.8;6.6;2.5;5.1;7.6;10.2;3.9
text,synth pop with a bright lead,nan,263,9.534113195003746,0.2687979870104402,11.8;33.6;19.1;9.1;2.6;89.1;7.3;17.6;92.9;97.8;3.2;97.9;3.8;7.3;98.9;23.3;67.0;43.6;30.4;58.2;93.6;4.5;94.1;98.2;95.9;71.1;80.9;32.6;45.1;22.4;72.1;57.5;28.7;11.3;61.3;33.0;51.7;84.2;74.8;47.5;24.5;46.8;5.1;88.7;10.6;17.7;41.9;42.3;36.0;93.8;77.3;82.4;55.7;12.5;16.3;60.1;73.2;47.2;87.1;85.0;8.7;25.3;12.2;88.5;4.7;59.5;40.2;96.2;18.0;74.9;86.4;35.3;83.2;25.5;65.6;23.6;20.7;4.2;93.0;98.6;12.3;59.7;82.5;57.2;12.1;5.4;4.6;2.8;93.7;52.1;15.7;28.0;15.6;90.8;98.1;96.0;17.1;88.9;32.2;33.7;22.4;29.4;24.9;14.6;29.9;73.7;2.0;87.4;11.9;96.3;6.5;4.4;68.8;6.4;78.4;17.8;51.4;15.2;26.9;36.1;13.9;35.1;12.0;1.3;92.7;2.5;27.7;32.9;20.5;19.4;27.1;29.0;19.4;51.4;33.5;83.3;92.7;78.1;22.2;17.7;22.1;6.1;10.7;3.8;79.7;49.2;50.4;24.9;79.6;71.0;84.0;26.4;26.2;75.6;12.8;94.3;40.5;85.7;32.2;97.6;6.4;27.7;19.0;6.9;40.3;15.3;20.9;79.8;97.0;11.4;74.8;80.2;37.0;71.6;0.1;85.1;30.2;92.6;66.3;30.9;14.2;59.8;78.4;0.5;53.1;59.8;52.3;15.7;23.0;90.1;10.2;25.0;98.0;96.9;9.5;57.3;83.6;9.6;24.3;8.6;30.3;34.7;97.9;28.8;63.2;79.8;92.5;46.8;7.9;93.2;41.1;31.4;12.8;41.7;13.3;78.8;26.3;85.4;28.6;68.4;45.7;78.5;13.4;53.7;5.3;90.6;3.6;90.4;3.4;7.6;85.3;56.0;55.4;92.6;27.4;21.8;21.6;23.4;19.6;5.5;26.3;85.0;94.4;0.9;24.3;22.5;29.7;8.3;3.2;74.6;11.4;86.0;3.6;10.9;29.6;90.0;46.1;68.0;63.2;35.1;97.9;91.0;37.2
text,folk song with violin,nan,309,10.465900606155644,0.3655932402529951,97.0;17.7;15.7;91.5;75.1;73.3;74.0;75.1;77.8;78.8;83.4;2.7;98.6;96.6;99.4;99.0;97.9;98.1;98.3;98.6;97.7;98.0;97.4;97.5;97.5;98.3;97.9;98.4;96.3;96.3;98.9;98.2;93.2;88.5;99.6;93.2;93.4;98.9;97.5;81.5;81.4;98.2;91.9;99.1;3.7;98.9;1.0;92.4;96.5;96.7;98.6;99.2;0.0;99.2;98.0;99.1;98.6;96.7;88.9;80.3;65.6;81.5;1.4;96.0;91.7;93.2;5.3;89.6;98.6;3.3;90.1;79.5;82.1;2.6;50.5;76.3;12.7;96.0;44.5;54.0;49.9;61.9;94.1;63.2;70.5;66.6;81.6;70.7;47.5;78.1;57.4;44.1;46.3;46.6;38.2;50.9;59.6;51.1;44.4;40.4;49.1;51.1;32.4;56.6;50.2;60.3;85.1;83.2;99.7;47.4;96.6;61.6;84.0;87.6;98.5;43.3;47.9;60.5;39.4;92.8;78.9;53.0;0.8;98.9;80.9;72.1;48.8;73.6;76.3;55.1;50.1;53.4;67.1;40.5;46.9;73.4;67.3;65.5;85.8;54.9;48.6;83.6;50.8;41.0;58.5;46.2;40.5;48.4;41.8;38.9;51.6;61.8;44.4;49.1;38.9;53.6;84.2;84.8;87.6;30.6;49.2;3.4;4.3;16.0;15.6;11.1;14.3;21.7;43.6;23.3;22.3;24.8;17.6;27.2;25.8;22.9;26.5;20.5;17.2;21.9;20.5;23.0;26.5;27.8;1.2;19.7;18.0;23.6;23.6;39.3;35.2;28.5;14.8;15.0;12.4;13.5;13.4;17.4;21.7;12.8;13.4;14.3;19.9;24.0;18.0;12.9;19.3;14.1;21.0;25.1;30.0;20.0;23.0;17.9;27.3;18.5;18.3;16.6;17.9;11.7;14.1;10.4;17.7;21.0;15.3;13.2;15.6;17.2;21.1;8.6;24.0;19.0;26.1;19.6;17.5;22.8;17.5;16.1;14.0;19.4;14.8;15.9;22.1;13.9;15.5;11.0;16.6;11.9;13.3;14.7;13.1;13.9;15.6;13.2;12.9;10.0;16.5;19.7;13.2;18.8;15.7;12.8;15.2;13.0;15.1;8.9;13.9;17.4;12.7;11.8;16.9;12.0;5.9;7.4;98.1;98.2;3.3;9.2;15.9;8.1;15.7;9.1;17.6;3.8;7.1;3.6;16.5;16.2;27.6;19.6;18.9;33.5;34.3;23.6;10.0;5.1;94.2;23.1;2.7;3.1;26.8;66.6;33.1;5.9;96.8;99.2;89.9;11.2;17.5
text,church organ chorale,nan,309,0.1909795505040321,0.818386634036264,50.7;17.9;2.4;2.5;11.2;7.5;6.8;86.4;10.2;5.7;18.4;19.5;12.7;0.7;15.0;16.4;5.4;1.7;3.1;99.0;97.1;2.5;98.0;0.6;99.7;98.4;98.0;0.5;3.4;97.5;2.6;3.6;3.2;4.8;0.2;98.3;0.6;2.9;98.6;99.6;1.8;96.3;96.5;99.5;0.7;98.6;0.4;98.9;1.2;97.9;5.1;7.5;9.0;99.7;98.3;0.5;1.6;96.8;93.9;98.3;95.4;2.5;1.9;99.4;95.2;95.3;96.6;97.3;0.6;98.1;98.8;3.1;4.8;98.5;1.3;98.6;0.1;0.3;95.0;95.3;95.7;97.5;99.7;0.1;0.2;98.9;6.4;0.8;7.5;99.0;97.4;2.4;97.0;93.0;1.2;0.0;96.0;2.0;98.5;93.1;0.6;2.8;98.0;2.6;97.6;0.1;0.3;97.5;4.2;98.7;1.8;99.6;2.9;3.0;98.4;0.9;98.8;96.5;98.9;5.6;99.0;97.7;96.6;94.4;98.4;2.8;97.3;98.7;2.7;98.7;94.4;1.3;98.8;95.4;2.0;2.8;95.0;2.0;0.6;97.4;0.7;2.4;97.8;94.9;0.3;96.0;0.9;5.8;0.8;3.1;9.9;7.6;3.7;7.1;98.7;0.5;7.6;1.6;97.7;99.4;2.2;98.5;0.7;1.3;98.3;1.7;3.4;98.5;5.1;99.2;99.0;4.9;8.5;98.8;97.4;1.7;99.4;0.9;95.1;98.1;1.4;0.6;98.2;97.3;2.0;98.8;93.2;0.1;3.4;96.7;97.2;99.2;7.8;9.7;95.3;93.7;0.6;0.9;99.0;97.4;37.1;25.5;4.8;0.1;1.1;1.4;97.2;9.7;9.4;15.9;3.4;3.8;0.5;14.7;17.6;12.5;4.9;12.8;91.4;94.4;91.9;81.7;95.1;94.5;89.2;91.2;90.9;84.6;52.0;96.8;0.1;99.0;0.2;9.3;95.4;86.6;95.8;1.5;2.1;83.2;92.4;4.5;94.2;1.1;4.6;2.9;1.8;94.5;2.2;99.1;97.4;93.7;95.6;78.3;84.0;85.0;18.2;96.4;98.2;96.3;98.3;89.7;70.8;90.8;13.4;7.0;97.1;94.0;95.4;16.5;96.0;0.6;94.2;85.5;34.5;59.7;5.6;85.5;86.5;96.3;17.0;22.8;91.0;43.5;5.6;95.8;0.5;4.3;22.4;27.3;95.5;96.7;95.9;95.7;46.2;98.5;75.8;52.4;38.6;32.2;43.4;51.8;58.0;82.1;47.4;51.3;70.5;1.3;92.6
text,bluegrass with banjo and fiddle,nan,306,0.8281010317912401,0.7180314066974414,4.2;10.7;10.3;6.7;2.4;3.9;87.4;62.2;92.2;83.3;1.9;89.0;99.7;72.2;97.9;16.2;2.6;98.8;86.3;93.4;2.5;10.2;9.5;7.7;98.2;2.8;99.8;98.3;94.5;7.3;21.7;83.8;70.1;3.5;9.7;5.6;7.3;91.4;13.8;7.3;16.7;97.7;8.7;2.1;3.4;7.2;4.8;99.5;98.7;99.5;97.4;96.8;96.8;3.0;1.6;2.5;3.6;2.0;82.9;95.8;97.9;4.9;3.0;4.0;6.9;3.0;3.1;2.3;0.4;99.8;34.3;82.5;1.2;99.5;98.6;82.5;90.6;96.7;16.2;73.2;93.3;4.6;7.7;0.6;96.5;43.2;6.9;2.3;5.3;5.2;3.3;81.4;87.7;1.1;0.7;6.6;7.1;3.4;93.9;71.7;43.4;87.4;1.8;87.6;90.5;0.7;3.4;16.3;99.1;99.5;93.7;1.5;1.8;3.9;2.5;7.5;8.0;4.7;74.3;1.4;4.6;4.4;0.3;4.7;4.7;92.9;93.6;96.6;14.5;41.0;87.0;6.4;18.7;10.5;96.9;89.7;95.3;90.6;65.8;1.5;4.3;2.4;1.4;2.3;4.7;83.2;45.0;1.2;2.0;2.9;1.8;1.3;5.0;6.1;0.8;2.3;2.4;4.7;1.2;4.6;96.7;3.1;3.8;6.4;4.7;2.8;5.9;90.0;92.2;96.6;0.3;93.2;12.4;9.1;4.0;0.3;1.3;8.6;3.6;22.3;98.8;4.8;3.8;18.8;3.2;1.4;12.8;28.3;26.4;68.4;11.7;6.7;2.5;89.3;99.1;96.4;1.4;95.7;96.3;33.3;11.7;42.2;84.3;94.5;5.6;83.3;3.3;78.4;85.8;88.6;45.5;75.3;79.3;63.9;95.1;4.1;24.2;88.1;2.1;10.3;2.6;0.4;6.2;91.1;6.5;5.6;55.8;0.3;1.1;66.0;89.2;5.4;6.1;71.5;89.4;84.9;63.9;32.9;89.9;88.9;99.3;1.7;0.7;1.2;1.7;3.8;3.2;0.6;16.2;3.0;98.8;6.0;5.4;1.0;77.7;3.5;1.2;13.4;3.4;6.1;5.1;6.1;9.2;4.9;92.7;0.6;1.8;77.0;56.3;2.4;97.6;8.2;4.9;3.1;63.5;11.1;39.0;10.7;7.1;5.4;5.2;2.3;0.4;1.7;97.6;28.8;97.8;10.2;59.9;79.7;99.0;96.0;1.9;6.4;96.5;48.9;92.5;81.3;2.8;3.3;5.8;28.4;61.9;94.1;24.8;42.5
text,orchestral film theme,nan,309,99.45872133462763,0.9847123352651708,4.7;99.1;98.4;99.3;98.7;100.0;0.6;1.5;1.3;0.1;4.6;99.9;1.9;2.2;0.9;1.9;1.2;2.9;3.0;98.8;95.8;98.9;1.0;99.7;0.6;1.0;1.6;2.0;1.7;1.5;4.6;4.1;2.8;0.9;1.4;2.4;4.4;1.6;3.2;1.4;1.9;4.5;1.0;0.1;0.8;1.2;3.1;2.6;2.6;3.9;2.2;100.0;99.0;97.7;98.8;0.4;1.5;2.7;2.5;3.9;3.0;1.8;2.4;1.1;2.4;3.1;2.5;1.1;2.4;1.9;1.2;4.3;2.7;97.9;99.1;93.7;97.2;96.9;1.6;99.9;3.6;96.4;98.4;2.2;1.1;96.9;3.2;0.0;98.4;0.2;96.6;2.3;99.0;98.1;98.5;2.6;2.1;94.7;98.0;0.3;3.3;98.9;0.7;98.2;0.4;1.9;1.8;100.0;0.9;2.5;1.0;98.0;98.5;0.1;0.7;3.1;0.3;99.1;98.4;2.1;99.2;98.1;1.2;5.1;2.5;1.0;0.5;96.9;97.1;0.4;0.4;97.1;99.1;95.2;93.8;93.3;0.3;0.4;0.9;97.1;99.6;98.6;98.0;1.6;98.0;98.5;2.0;0.2;98.5;0.7;2.0;97.3;98.8;97.6;0.6;98.6;96.3;99.2;99.3;93.1;94.2;1.4;1.7;3.9;2.1;99.8;0.0;96.5;0.3;98.4;97.2;97.4;96.5;95.8;0.3;1.3;99.4;99.5;1.4;99.8;98.5;95.3;97.0;96.7;95.5;0.7;0.5;98.9;98.9;98.3;4.5;0.5;95.9;97.5;1.6;0.4;0.4;98.0;99.5;98.0;4.8;0.3;96.4;99.6;0.0;97.3;98.1;99.8;0.8;3.2;3.5;2.4;0.3;99.4;0.4;99.9;3.9;2.3;99.7;97.2;98.0;96.4;2.7;1.7;99.0;0.0;94.7;96.1;98.4;0.7;96.8;1.7;1.9;97.9;96.7;0.5;0.1;0.7;99.6;97.7;97.9;98.8;0.5;99.9;98.2;97.3;94.8;0.2;1.2;98.4;94.9;99.9;100.0;98.4;99.2;95.4;90.8;95.3;97.4;97.3;0.5;98.5;95.2;99.2;5.9;96.9;94.9;0.3;98.2;1.1;0.7;94.6;0.5;95.2;92.4;97.3;99.1;1.1;95.2;97.4;92.1;91.0;92.4;94.4;99.8;95.5;94.3;99.4;93.9;94.5;90.1;99.0;94.9;93.3;94.0;98.8;1.1;0.3;95.7;0.6;98.5;1.4;97.8;99.4;98.0;98.4;94.1;97.7;96.7
text,ambient pad with slow melody,nan,309,8.120035674348859,0.23862645264441731,81.9;9.6;13.6;9.1;8.7;50.5;14.6;9.7;0.8;4.2;12.8;31.6;3.8;11.4;0.0;12.1;85.5;3.1;94.6;66.8;1.6;3.0;13.2;2.1;12.1;8.1;5.6;2.0;0.7;7.4;42.3;42.8;88.5;91.6;99.6;79.5;52.9;69.6;33.5;45.1;0.5;72.9;98.9;50.4;24.6;58.9;95.1;33.8;59.4;94.4;55.8;66.5;87.1;3.9;92.8;28.3;52.9;22.6;53.9;25.2;94.6;93.9;74.6;27.6;12.3;20.5;90.9;8.8;5.6;97.3;13.1;26.5;78.6;42.0;66.1;36.0;39.2;58.1;61.7;35.9;6.3;65.7;75.6;62.2;15.9;27.3;25.7;44.3;51.0;55.1;96.3;59.9;16.3;32.4;95.3;14.1;79.9;3.0;27.8;70.3;92.4;90.8;62.6;82.9;5.2;0.6;7.3;23.2;30.0;12.3;60.3;59.2;61.9;69.1;4.0;96.1;65.6;9.5;97.7;7.0;7.9;10.3;5.6;14.3;1.8;9.1;52.8;75.9;35.9;33.5;43.8;69.9;46.8;86.6;31.8;2.7;93.2;87.3;98.3;77.5;17.7;1.7;27.4;38.2;87.9;36.7;73.3;69.9;35.4;46.1;16.6;90.4;91.8;45.3;11.8;33.9;26.2;92.3;95.8;28.2;92.9;26.9;31.8;10.8;16.1;11.3;75.2;27.3;16.8;33.9;23.9;97.3;60.8;86.1;17.4;25.5;23.9;41.2;26.9;25.1;73.4;74.0;36.7;82.6;58.3;21.8;61.7;94.4;9.1;2.7;90.9;86.9;69.0;68.3;6.6;2.8;60.8;66.2;70.4;18.0;19.4;10.0;14.2;11.9;50.5;32.4;53.6;45.7;3.5;58.9;41.0;78.0;19.6;35.5;36.9;19.9;20.7;63.3;87.8;28.0;18.7;35.8;72.4;30.4;39.5;53.1;71.8;14.3;5.1;93.1;7.4;4.0;5.1;8.6;7.6;42.6;10.9;1.7;3.4;2.5;8.6;6.7;6.9;94.9;25.9;3.4;74.2;49.1;16.5;95.8;5.5;91.3;42.7;63.1;2.9;86.8;65.1;24.7;87.2;7.1;29.0;9.4;18.2;6.8;99.5;4.7;94.4;96.8;93.7;46.6;11.4;63.4;24.7;32.9;99.0;15.7;98.9;74.7;25.6;8.5;85.7;54.3;74.9;10.9;2.6;30.8;28.0;37.9;5.3;19.1;93.4;84.2;61.2;76.3;49.0;16.2;63.6;90.8;99.1;1.7;4.7;37.0;35.2;53.5;84.3;68.0;14.4;8.6;71.7
text,flute and harp duet,nan,309,11.929272712060227,0.5682215003482632,2.4;0.1;5.5;8.1;7.7;13.1;4.7;8.5;10.6;14.4;10.7;10.7;10.4;11.7;14.1;11.5;39.6;39.8;41.3;40.2;40.3;42.5;14.6;9.9;25.7;4.9;3.7;6.5;3.8;11.2;7.1;17.3;23.3;20.6;19.5;21.3;21.8;19.0;14.3;14.3;15.1;14.6;14.7;12.3;18.2;15.6;18.7;12.5;11.2;14.5;10.1;13.5;8.5;10.5;7.4;78.3;68.0;81.2;18.5;15.3;59.3;14.1;53.3;19.8;22.2;19.0;7.3;7.8;9.1;7.6;9.3;15.6;19.4;20.6;12.2;18.9;68.5;10.8;11.6;11.1;9.3;24.6;77.6;49.4;38.4;96.7;20.5;55.8;67.3;22.6;9.9;12.2;99.4;94.2;19.0;3.4;2.1;16.6;25.5;21.7;23.3;82.1;22.0;12.0;7.4;11.6;15.4;19.2;24.6;0.7;2.7;1.3;16.2;13.7;12.0;11.5;11.1;62.8;0.2;34.7;96.4;76.8;8.5;17.7;18.4;5.3;16.3;7.6;0.7;9.4;90.7;95.7;6.1;10.3;86.7;96.1;8.5;11.0;11.8;11.8;11.0;7.0;11.9;2.7;8.9;12.0;16.1;9.8;23.7;91.9;87.8;8.6;21.2;30.7;25.5;77.8;4.4;14.8;12.2;22.6;98.3;85.6;94.0;7.8;15.3;12.9;6.9;11.0;6.3;14.4;16.2;1.7;15.0;11.4;14.3;17.7;3.7;93.2;10.6;33.7;50.7;78.4;36.8;62.2;34.5;0.3;96.1;92.9;93.9;4.3;18.2;73.2;74.4;17.7;70.2;4.5;94.3;18.8;22.4;19.2;15.6;14.1;11.7;11.0;14.5;15.2;8.2;11.7;8.4;20.3;17.2;96.1;39.1;65.3;44.0;0.6;20.3;1.3;75.8;71.6;81.4;94.2;95.4;87.8;49.6;38.8;77.6;28.2;25.6;10.4;2.3;18.0;14.6;22.9;19.2;24.1;23.9;31.5;33.7;17.4;9.2;63.8;12.0;28.2;11.8;38.1;25.1;82.6;21.5;81.9;25.6;35.5;43.1;99.5;27.9;97.0;97.1;90.3;92.0;5.3;17.6;23.6;15.0;21.5;19.6;18.9;41.9;24.5;6.4;16.3;99.3;99.3;8.1;89.5;49.3;50.4;62.9;51.3;37.2;56.9;90.9;98.6;97.9;0.8;3.8;92.8;92.6;74.4;59.9;11.1;14.1;13.4;7.0;16.0;18.3;16.8;20.8;19.0;22.3;32.3;98.5;55.4;33.0;3.9;9.6;50.7;72.8;14.6;61.1
text,rock ballad with electric guitar,nan,309,17.912097888611235,0.46114580718038467,5.6;6.8;7.9;6.0;6.6;8.1;9.2;9.2;7.3;7.4;9.2;8.2;6.8;8.7;8.6;8.0;9.9;10.3;11.4;10.8;9.7;10.8;14.3;12.0;27.8;10.3;16.2;22.1;26.6;21.0;16.2;15.4;18.9;25.7;25.1;25.2;21.0;10.1;12.6;14.3;12.3;10.6;4.3;7.8;8.2;9.5;8.7;9.3;8.2;7.2;9.3;13.7;14.5;11.9;11.9;10.9;12.0;11.4;12.2;10.8;7.5;8.8;6.2;10.5;8.3;9.0;9.0;6.2;10.0;10.6;11.5;11.3;13.1;11.6;12.3;15.5;15.1;15.1;12.0;14.9;16.9;20.2;13.7;10.7;29.6;51.5;12.8;78.4;99.2;28.0;18.9;18.6;98.3;15.3;10.7;11.2;9.3;10.0;16.5;11.5;7.6;9.6;9.9;9.4;10.7;7.4;8.5;7.0;6.5;5.8;4.5;3.7;1.5;4.1;1.2;1.9;0.4;1.6;1.0;97.2;99.8;98.6;4.3;0.8;4.0;4.1;5.2;4.4;7.8;7.4;5.2;0.9;59.1;83.3;0.8;7.2;1.3;0.3;99.0;4.1;1.1;2.3;4.6;3.5;5.0;3.2;1.1;3.4;93.5;12.8;91.7;7.6;95.3;4.8;3.4;0.1;5.5;99.9;8.5;0.9;9.5;97.6;97.7;95.8;8.5;10.8;11.3;10.7;9.1;11.2;11.1;11.4;12.4;11.0;12.6;19.0;7.6;48.7;44.6;25.0;43.5;43.6;91.0;44.6;43.5;43.2;43.7;44.5;44.5;42.0;42.5;43.0;43.6;41.4;41.3;42.3;40.4;42.3;41.6;43.9;43.8;42.1;45.7;43.6;45.0;44.2;44.3;43.8;42.7;44.7;46.3;45.4;48.1;45.5;45.3;46.0;44.0;43.9;43.8;44.0;45.5;45.3;42.9;43.4;44.6;89.9;84.8;86.6;38.5;31.7;40.4;40.7;41.7;42.6;40.8;40.7;42.6;42.2;39.8;39.1;41.4;41.2;41.7;39.7;39.3;87.4;38.5;39.9;41.1;39.5;38.7;38.8;39.2;38.9;37.7;37.7;38.8;34.4;36.2;34.0;33.6;34.7;31.2;34.3;37.3;37.8;38.1;40.0;43.4;39.6;39.5;41.2;51.6;55.9;0.1;87.3;90.3;31.5;89.3;87.5;89.4;91.7;98.4;87.6;91.5;91.9;34.3;90.8;95.4;95.3;33.9;87.2;36.1;85.6;38.1;35.7;34.5;34.7;36.1;33.9;42.9;38.7;38.0;39.8;38.2;38.4;39.6;38.2;35.2
text,brass band march,nan,309,0.6057097492702099,0.8653557217360976,1.2;0.7;99.3;99.4;99.3;99.0;1.5;2.8;1.2;0.7;99.6;99.1;3.4;4.1;3.0;15.2;98.3;98.6;96.5;98.9;98.7;98.5;97.3;95.9;97.4;98.5;97.4;97.9;99.5;97.8;96.6;98.6;99.0;99.3;100.0;0.3;0.9;1.1;0.7;2.4;1.7;2.9;2.0;99.9;0.6;0.3;0.1;0.3;0.3;97.5;92.8;88.2;92.7;94.4;94.3;7.4;8.2;6.4;5.9;7.6;9.5;1.4;91.6;0.4;15.9;15.7;14.2;14.8;14.5;15.4;15.9;17.3;17.0;14.3;73.3;97.4;99.7;2.4;16.7;29.1;0.3;99.1;97.8;5.1;89.1;89.2;93.4;99.5;99.8;30.5;32.3;3.1;29.8;16.0;17.0;17.3;30.6;27.2;26.6;99.9;14.6;17.1;17.0;1.1;13.5;28.5;28.8;32.7;18.1;77.6;4.1;4.5;6.7;6.5;9.3;97.1;2.4;92.7;10.8;11.6;10.8;11.2;11.0;7.7;6.7;6.8;93.7;3.1;6.9;10.3;12.6;12.0;9.5;84.9;95.2;11.0;10.6;11.8;98.8;98.1;1.0;12.3;97.7;96.8;80.3;1.4;2.1;97.2;95.5;7.1;10.0;10.1;93.6;99.1;2.2;3.7;2.2;91.1;93.2;93.4;92.6;89.6;94.0;93.5;94.1;99.0;98.5;98.1;98.3;1.7;3.1;5.7;3.1;6.3;11.8;96.2;100.0;2.3;13.6;62.0;94.4;98.5;97.0;95.3;99.4;0.1;95.9;98.0;99.7;0.0;98.7;92.4;95.8;95.4;96.9;96.9;95.9;92.4;90.5;95.8;98.0;99.2;96.7;97.4;1.1;0.1;0.3;0.3;12.4;11.1;0.2;1.1;1.4;3.2;4.0;1.0;99.4;0.0;99.8;1.7;99.9;98.5;99.0;0.8;1.8;1.8;0.8;3.2;0.7;97.9;99.2;100.0;0.5;0.3;96.5;94.1;1.5;3.1;2.9;84.3;90.5;92.0;93.3;95.9;93.9;7.0;96.6;98.2;0.4;99.5;86.1;89.8;92.4;96.0;92.1;90.2;91.5;88.0;93.5;95.3;95.7;96.3;95.1;95.8;97.1;95.6;97.4;96.6;96.1;96.7;95.2;98.4;97.8;94.7;94.1;96.9;96.1;96.6;96.4;96.8;95.9;96.4;96.9;96.1;96.8;96.7;97.3;98.7;98.4;99.0;99.9;1.5;94.6;0.2;4.6;2.7;94.2;85.4;90.4;95.7;95.7;95.1;93.8;93.9;94.4;97.3;98.9;0.4;99.6
text,lo-fi hip hop with piano loop,nan,289,8.088432643594862,0.34136644526192766,34.3;28.8;9.4;11.4;30.7;22.1;17.7;45.4;58.5;51.1;14.7;15.6;5.3;96.6;12.8;94.3;13.4;98.8;7.0;2.0;97.1;4.9;99.6;0.5;5.2;8.9;14.8;8.9;13.8;32.5;22.5;3.9;19.0;14.9;47.5;17.2;17.9;5.5;1.4;2.8;2.4;3.3;2.1;2.1;1.6;75.4;22.2;13.9;6.1;4.8;7.5;2.4;11.1;1.2;8.4;20.7;22.1;21.5;84.3;90.0;12.3;8.8;9.1;16.3;35.5;32.4;43.1;14.5;51.1;25.9;14.0;21.7;15.5;15.6;17.5;57.5;41.2;66.3;93.5;82.2;18.2;43.3;52.2;91.5;37.0;16.1;3.2;7.3;27.6;39.9;22.3;80.4;85.2;9.8;27.6;82.0;14.6;29.8;97.8;3.1;6.7;5.5;3.6;2.8;2.6;87.8;74.9;94.9;8.3;18.4;78.3;6.2;8.1;24.6;33.6;35.6;33.7;70.3;75.5;67.7;87.6;58.8;97.8;29.3;7.5;91.3;88.4;54.8;42.2;25.8;60.3;37.0;44.4;13.7;73.2;31.0;3.6;68.3;52.9;5.5;42.8;63.6;23.2;8.6;44.7;45.8;82.9;48.4;80.8;13.7;34.4;86.5;3.1;81.2;72.5;8.8;4.1;98.7;3.1;8.1;12.7;9.9;13.1;0.9;91.6;88.3;18.7;90.7;4.1;90.7;95.5;20.6;18.3;53.1;83.5;14.2;10.4;94.3;19.5;96.6;87.6;81.2;37.3;15.9;9.1;0.2;98.2;2.2;5.6;3.3;98.4;0.8;2.6;3.7;20.7;42.6;20.2;4.0;7.3;80.4;69.9;68.9;79.3;1.1;34.2;3.4;97.2;99.1;2.1;3.6;98.8;3.1;23.3;13.7;7.1;6.1;15.3;14.1;14.7;13.2;12.0;1.3;51.7;6.5;98.2;30.3;45.5;7.8;95.0;45.4;69.1;45.3;30.1;47.6;16.2;46.0;33.4;26.3;91.7;63.1;41.3;11.7;84.3;89.8;32.8;84.6;81.8;74.5;85.2;79.2;70.4;65.4;42.5;83.0;54.6;39.7;97.9;38.4;74.8;52.2;92.5;98.7;3.6;3.2;3.0;21.7;75.4;37.7;47.2;81.0;44.5;63.1;86.7;3.2;96.2;79.0;85.3;1.1;30.3;59.0;51.6;19.7;41.7;55.5;73.4;50.8;14.7;49.8;66.9
text,country waltz with pedal steel,nan,306,3.3266137519037473,0.5818544230279064,75.9;83.3;3.8;7.2;9.4;12.7;15.6;7.0;9.3;3.1;14.0;18.5;14.1;2.6;93.4;92.9;91.1;99.9;10.6;96.4;77.2;99.3;2.2;22.2;23.3;15.3;5.2;88.4;0.8;14.1;14.0;26.7;84.4;75.6;99.0;95.0;90.7;7.7;66.3;82.0;85.6;87.8;49.9;80.5;18.5;5.9;98.0;2.1;13.0;23.6;17.8;10.6;26.5;8.0;24.3;49.2;0.4;86.3;20.0;11.8;74.4;96.2;21.4;57.6;23.0;76.4;3.4;1.2;0.8;98.5;99.9;1.3;99.5;2.1;97.5;41.4;97.9;0.6;99.6;3.4;92.7;99.6;1.3;94.1;54.1;44.1;45.8;7.4;33.7;38.0;33.6;32.7;34.0;29.9;30.9;31.0;34.1;2.6;97.7;2.0;1.9;0.9;1.3;1.0;99.9;95.9;93.6;93.6;10.9;68.4;81.2;37.9;88.2;90.2;98.8;98.7;95.1;85.0;73.0;91.5;84.0;15.4;51.2;13.1;86.6;91.3;95.8;95.3;2.2;10.9;98.4;10.0;12.3;93.5;85.5;5.5;18.8;15.3;14.0;78.6;92.9;3.2;18.3;24.1;1.9;89.5;97.5;9.4;22.5;16.6;94.1;84.2;81.8;17.1;15.4;15.8;2.2;89.6;96.9;7.5;20.2;15.9;6.1;6.3;16.4;8.3;48.6;84.4;74.3;96.5;43.1;93.6;31.2;14.7;14.6;55.5;4.9;14.4;32.0;20.0;10.4;24.7;34.4;2.1;21.7;70.9;36.0;3.4;2.9;3.0;1.6;7.0;9.6;14.1;13.2;6.7;14.1;34.6;12.0;22.1;15.8;12.3;10.2;10.4;3.2;6.1;21.0;41.6;5.5;7.0;2.2;3.5;3.3;5.7;2.0;3.7;4.1;4.2;99.2;3.3;4.6;4.9;0.5;4.2;96.5;6.4;1.1;0.8;97.5;0.7;4.0;11.3;6.9;0.8;1.6;1.4;100.0;26.3;35.8;14.6;97.5;1.9;99.4;1.3;2.1;98.9;98.8;98.6;98.5;95.0;94.2;97.4;79.4;97.3;84.5;87.8;59.8;97.4;98.0;98.6;0.1;95.3;98.8;2.7;19.8;96.8;0.7;0.9;99.9;0.3;96.6;10.3;94.5;98.9;45.7;64.4;68.5;65.0;3.3;22.7;88.7;88.8;27.3;27.1;33.4;95.4;98.7;94.3;90.4;84.5;88.9;97.4;97.9;94.3;79.5;72.0;24.5;42.2;48.5;1.6;88.1;73.5;84.6;90.0;78.1;15.8
text,classical guitar etude,nan,309,2.102477476693385,0.5637030060552747,5.5;91.0;3.8;86.6;90.7;84.2;77.3;84.5;94.0;94.5;88.0;96.9;92.2;0.4;93.0;97.7;88.2;93.9;93.9;91.3;91.8;0.5;94.6;93.9;96.9;95.4;4.2;11.0;7.8;98.9;6.2;92.0;94.3;93.0;1.9;19.0;19.9;16.5;51.2;70.8;48.0;92.9;99.1;96.0;92.6;36.7;3.3;19.5;90.1;67.2;96.5;88.6;96.2;80.5;94.6;49.2;27.0;48.7;78.5;98.2;5.9;4.4;83.8;4.8;95.2;2.6;98.1;5.2;3.4;99.6;3.3;79.8;23.9;2.0;8.2;5.4;87.3;16.0;78.7;9.3;25.7;10.2;4.8;10.1;63.0;7.6;98.0;12.9;19.1;15.6;20.7;96.1;93.2;32.8;13.1;74.0;47.7;95.9;62.7;0.6;31.4;21.4;85.3;7.8;6.4;22.0;20.5;62.3;90.7;99.6;82.8;94.9;82.5;83.9;80.8;28.3;14.2;15.0;42.0;20.1;19.9;42.3;91.2;93.2;81.6;88.6;17.1;12.5;32.6;24.1;37.2;99.6;99.6;76.0;97.0;26.7;95.7;27.5;96.2;22.9;45.4;74.8;98.9;80.5;97.1;96.3;96.6;55.2;69.7;59.6;61.2;92.0;96.3;78.2;93.8;7.2;45.4;89.8;61.2;88.4;48.7;79.2;98.1;11.7;26.6;40.9;76.1;62.0;22.3;0.4;33.7;92.2;43.9;16.3;30.1;8.0;40.6;11.8;90.6;97.2;85.6;98.4;46.4;38.2;25.3;9.6;17.0;45.8;37.4;11.8;23.4;27.3;14.5;11.2;2.5;98.0;17.7;64.3;95.8;30.2;11.5;99.8;89.2;97.6;99.2;94.0;97.3;99.9;98.0;2.8;94.6;97.4;1.0;92.9;98.8;92.1;93.8;5.4;3.3;98.9;0.9;5.1;1.4;100.0;0.8;5.1;9.0;3.0;0.1;19.2;4.0;2.5;2.0;1.7;5.1;12.8;11.9;9.7;7.2;7.1;7.1;3.6;13.1;8.7;7.4;3.8;1.8;3.2;99.5;98.9;5.7;0.6;3.4;3.2;0.6;13.3;11.0;6.1;5.8;10.2;4.5;5.9;5.4;10.0;6.5;98.9;6.5;14.2;3.6;72.7;16.9;7.2;5.1;5.3;2.4;1.9;3.0;4.9;100.0;4.0;4.9;0.0;99.8;75.5;63.7;90.4;5.0;98.6;0.1;97.3;89.5;40.3;87.8;20.0;92.6;31.7;95.2;92.3;54.8;83.7;9.7;9.4;9.0;75.3;6.6;41.2;11.1;20.1;8.3
text,"cello solo, adagio",nan,309,0.3388254076226511,0.5645088338204709,13.4;11.5;19.3;47.5;15.6;37.4;21.4;49.9;52.0;36.6;56.4;50.8;45.0;41.7;47.3;28.3;53.5;36.9;51.8;39.7;26.5;42.5;10.8;65.4;27.6;22.1;14.4;6.5;67.9;73.3;88.9;77.2;79.0;84.7;78.4;84.5;96.4;98.6;3.2;0.5;66.7;13.2;31.0;29.7;24.9;26.4;20.8;21.6;24.3;26.6;23.2;18.0;13.9;30.1;28.1;7.3;7.4;8.5;12.8;11.6;14.2;13.7;19.0;14.2;14.3;19.1;24.5;14.7;22.0;21.6;8.8;9.1;94.5;3.8;93.5;95.7;94.1;92.5;83.4;78.2;87.5;66.0;69.3;80.9;6.7;71.1;66.0;83.0;93.0;81.4;88.2;97.1;92.2;72.4;82.3;81.1;85.0;86.3;88.6;86.4;89.3;85.5;81.7;94.0;85.5;71.1;83.6;87.5;63.2;73.0;76.6;93.8;83.6;81.1;64.7;80.3;9.7;13.7;15.2;55.6;5.7;0.8;36.6;43.5;72.7;82.9;99.9;97.4;96.2;96.8;93.0;94.0;92.9;90.0;91.8;84.5;90.5;81.1;1.3;12.8;13.4;15.6;99.5;96.1;4.1;7.9;6.3;3.8;12.8;5.1;6.7;9.3;11.0;7.2;2.6;95.3;94.7;76.3;21.6;13.8;11.4;14.2;10.3;82.9;20.6;14.7;8.6;7.8;9.2;16.7;13.5;11.2;34.8;98.4;96.7;95.3;97.9;99.1;0.5;99.4;6.6;96.0;86.2;85.4;92.6;93.1;91.8;84.2;77.2;95.0;96.3;98.9;97.3;98.0;2.8;3.3;3.8;1.2;12.4;3.3;15.2;24.9;18.1;17.9;16.3;26.5;66.8;0.7;99.0;1.6;4.9;2.8;0.5;97.8;1.1;4.1;0.5;97.8;96.9;0.1;0.1;4.1;6.2;20.6;72.6;98.7;68.6;83.9;99.0;95.5;94.8;94.2;97.0;90.9;79.2;59.8;10.9;9.3;5.8;2.8;3.9;14.9;32.8;59.3;76.9;95.8;92.1;91.8;99.8;99.1;38.7;3.2;7.0;5.3;2.5;25.3;86.3;92.7;92.3;94.7;98.8;95.3;94.6;4.0;0.6;96.6;98.8;97.4;99.7;100.0;0.0;99.0;99.0;0.4;99.5;97.7;97.9;97.9;96.9;96.9;99.0;0.3;98.7;94.6;96.7;98.5;99.0;96.0;98.6;99.9;99.2;0.0;0.6;1.1;99.7;0.6;99.3;97.9;96.1;95.5;96.9;97.9;98.8;98.2;0.0;98.9;98.4;98.3;0.5
text,80s synthwave,nan,282,0.8552047501304358,0.35742769367202265,98.5;98.6;96.7;90.1;51.7;75.5;92.7;93.5;92.4;89.5;91.8;95.3;98.0;29.8;22.0;18.4;10.9;24.7;75.7;64.6;21.1;43.6;21.0;63.3;13.0;5.0;48.9;6.4;5.0;12.8;96.4;12.7;41.9;90.3;95.4;94.2;91.3;92.4;0.5;2.0;19.8;2.0;7.8;19.0;2.2;20.3;60.3;86.2;20.5;67.1;37.9;78.3;15.1;85.6;57.1;9.9;5.0;2.9;4.7;99.9;3.6;4.8;93.9;54.2;35.2;29.3;97.0;96.3;85.6;90.1;90.4;93.0;7.2;3.5;1.6;4.3;36.3;55.4;47.0;31.7;18.0;21.4;36.4;63.7;71.0;62.6;39.5;29.4;38.0;32.5;86.7;39.5;36.8;2.5;2.1;47.4;97.1;93.7;95.0;97.8;34.9;6.1;1.3;4.7;62.4;1.4;26.3;28.0;42.0;11.9;20.6;3.7;16.9;10.0;8.8;4.1;4.9;5.8;4.8;3.7;74.8;12.0;91.4;56.5;42.9;97.6;94.7;91.0;87.9;93.4;95.3;33.6;33.8;52.5;3.6;90.9;3.2;96.1;93.5;24.5;72.8;71.6;5.2;41.7;97.9;14.6;73.0;85.3;1.6;6.7;66.5;68.8;26.0;29.7;98.3;88.8;17.6;84.0;53.3;25.0;34.7;91.2;97.6;89.9;99.0;83.6;81.8;91.2;87.5;91.9;79.3;20.2;89.9;38.2;4.3;1.5;22.9;29.5;97.0;16.0;0.1;92.4;73.8;93.3;96.3;96.6;39.7;17.5;70.9;26.2;19.9;13.1;91.8;1.0;24.7;85.9;93.8;89.4;93.6;87.5;86.9;91.8;85.5;82.4;7.2;17.3;40.6;20.8;56.9;96.4;93.6;11.4;93.3;93.7;90.2;91.5;86.1;93.7;91.6;91.3;96.4;70.1;1.1;48.8;18.1;20.6;92.9;8.5;14.8;25.4;9.6;93.1;89.0;90.7;71.0;82.8;93.9;53.0;19.2;18.2;59.9;86.7;77.3;23.3;17.0;90.0;76.5;94.6;17.4;77.0;82.0;60.3;93.8;9.9;64.8;53.9;55.4;23.1;43.0;75.4;38.4;99.0;22.9;53.3;22.2;58.3;79.8;49.8;79.1;17.3;79.5;51.9;34.4;87.2;95.7;90.7;87.3;32.9;28.5;26.1;6.2;98.4
text,children's choir,nan,66,96.76418746334839,0.8090879896678491,97.3;0.5;95.0;2.4;96.1;94.1;94.2;3.6;97.5;96.3;97.0;97.7;6.1;99.3;81.6;83.2;79.2;84.6;87.9;84.1;92.0;64.0;97.2;99.9;3.9;8.1;4.0;92.2;73.5;67.9;82.6;82.9;79.3;96.9;1.1;97.2;59.0;0.1;0.7;99.4;98.9;97.3;87.3;3.5;99.9;5.8;98.5;91.7;4.2;97.8;94.6;0.6;9.2;11.9;7.1;9.6;6.5;7.7;7.6;3.1;4.3;93.6;95.9;92.5;99.7;6.3
text,harpsichord baroque piece,nan,309,2.8319766010049965,0.8390330284747956,0.6;0.6;0.5;99.8;4.6;97.6;95.3;99.0;99.4;98.9;98.5;98.1;97.2;97.9;98.6;0.8;93.0;98.5;98.4;99.0;98.2;98.0;98.9;99.5;0.3;98.8;99.9;100.0;99.3;36.8;0.7;5.6;1.9;5.8;1.8;2.6;0.5;97.1;92.9;89.8;17.7;27.5;94.3;99.9;11.2;1.3;1.2;99.7;2.8;1.7;99.2;0.4;0.8;100.0;1.5;6.4;12.1;13.3;25.8;23.9;97.9;2.6;0.6;0.1;2.0;1.7;10.6;80.4;54.4;96.6;73.4;19.1;3.5;1.0;9.7;17.2;83.6;78.6;80.9;83.2;10.8;1.1;9.8;5.7;3.9;3.3;1.5;0.8;2.3;2.7;1.5;0.9;1.5;1.8;2.3;97.2;1.0;99.2;1.3;0.9;2.3;1.8;1.7;1.2;5.0;0.7;1.8;5.3;23.9;4.8;94.3;95.7;96.4;99.9;99.2;3.8;1.5;1.9;51.3;6.7;19.7;8.2;2.4;2.1;99.1;2.7;2.3;0.2;99.9;3.3;0.9;0.1;1.4;0.5;1.6;3.6;3.1;80.6;3.2;5.6;2.2;3.8;2.6;3.0;11.0;10.0;92.8;99.4;10.8;8.9;8.7;6.5;2.9;29.3;3.2;15.2;19.3;82.0;15.0;14.0;99.7;0.7;1.4;0.3;99.6;0.6;1.2;98.9;0.1;99.9;98.8;0.4;0.7;3.3;4.3;3.7;12.9;72.2;80.3;86.4;90.9;95.5;99.0;0.6;98.1;1.4;25.4;99.5;3.5;3.2;3.6;79.3;0.1;0.7;5.5;3.7;0.8;11.6;25.1;98.6;0.2;1.9;99.3;0.3;0.5;1.2;10.4;1.8;6.2;7.3;30.9;6.9;13.2;14.4;15.4;8.6;11.6;8.8;15.9;0.6;96.5;2.0;93.2;91.9;99.9;12.0;13.0;10.7;8.7;1.0;8.8;12.0;12.1;64.3;8.9;27.2;5.4;76.6;6.7;0.8;99.8;0.3;99.3;0.3;99.7;99.7;99.4;98.7;97.9;97.2;3.1;17.9;26.6;31.6;51.0;4.4;3.3;0.1;92.4;6.7;5.2;6.2;30.3;4.4;1.3;0.9;1.3;2.6;2.7;2.4;1.0;1.3;2.5;2.5;4.1;3.5;2.9;33.5;24.0;19.7;17.0;28.6;4.4;96.1;98.0;1.6;3.3;0.8;99.5;4.0;2.3;2.8;1.4;2.5;2.7;5.8;8.3;7.6;4.4;4.6;4.1;2.9;99.7;1.4;0.0;99.5;0.1;0.5;99.7
