lang,group,file,gender,voiced_frames,f0_err_cents,lsd_db
vi_vn,tone,10057024225045006889.wav,MALE,535,12.971791796027436,11.661674242397492
vi_vn,tone,10072308967409148015.wav,MALE,3,11.128563703811063,17.89537478405719
vi_vn,tone,10078277432407694754.wav,MALE,470,13.248114511879798,11.635442984831093
vi_vn,tone,10093159547857080890.wav,MALE,624,12.331195748341951,11.490924359860001
vi_vn,tone,1015279164912843543.wav,MALE,765,9.569273046092512,11.753953666062134
vi_vn,tone,1015563747297542961.wav,MALE,872,16.530826659786314,11.93540197041857
vi_vn,tone,10169179696365895477.wav,MALE,845,10.430476399505014,12.632529956791497
vi_vn,tone,10185666587391780903.wav,MALE,502,10.320587195498186,11.533815330950071
vi_vn,tone,10188670312101823236.wav,MALE,1291,11.491304780965297,12.208305492548027
vi_vn,tone,1020360004532126324.wav,MALE,1109,13.821106022988504,11.982073904939245
vi_vn,tone,10205789067921017036.wav,MALE,424,16.836138389138124,12.821095679573483
vi_vn,tone,10241630228065064831.wav,MALE,942,17.78685356835757,12.15957397451784
vi_vn,tone,10259306006333604242.wav,MALE,249,13.326495756969802,14.315896335347576
vi_vn,tone,10259532564282505455.wav,MALE,1013,18.606377184440106,11.936070826451425
vi_vn,tone,10315066330134186872.wav,MALE,804,10.42342237850615,11.66403628102976
vi_vn,tone,10342739006640083455.wav,MALE,695,12.910269158069163,11.443879725201725
vi_vn,tone,10348723993292846786.wav,MALE,0,nan,15.031289069385412
vi_vn,tone,103677662251086347.wav,MALE,604,10.701919427456929,11.46709066874657
vi_vn,tone,1036876241637854415.wav,MALE,14,8.762180270155543,15.01432434347687
vi_vn,tone,10402105561395439139.wav,MALE,695,12.64245049988488,12.198614537304584
vi_vn,tone,10449380600207928518.wav,MALE,1084,12.181518923029204,11.441852871355167
vi_vn,tone,10453290072265880595.wav,MALE,44,13.841837794773477,14.660817171065483
vi_vn,tone,10458632275226443935.wav,MALE,0,nan,14.67159525668766
vi_vn,tone,10473837320520117918.wav,MALE,1033,17.48409056737593,11.991487486842804
vi_vn,tone,10531082783264670622.wav,MALE,1167,16.16066381668949,11.953909080620917
vi_vn,tone,10531614475822620460.wav,MALE,996,14.348175890690435,11.61486278146665
vi_vn,tone,10578217408292407263.wav,MALE,405,10.603952363097711,15.136568812403262
vi_vn,tone,10618648079469862393.wav,MALE,1451,16.134848309742168,11.864465161865557
vi_vn,tone,10631977326382455765.wav,MALE,734,14.35810021679345,12.312760894063125
vi_vn,tone,1064415134029413807.wav,MALE,1096,13.521061147470293,12.063281364800496
vi_vn,tone,10671728061564401646.wav,MALE,1009,15.81700564823759,12.149384680989908
vi_vn,tone,10684685439757401963.wav,MALE,1701,15.081645275049697,12.24970867602176
vi_vn,tone,10749275134331213732.wav,MALE,330,10.370848653472185,13.195688342943344
vi_vn,tone,1075070731814204468.wav,MALE,534,15.831910413916217,12.344008582236233
vi_vn,tone,10751146797584417593.wav,MALE,348,10.86058765374905,11.753709620599988
vi_vn,tone,10751579734990864351.wav,MALE,21,10.547557011587532,15.347794436299118
vi_vn,tone,10751907101173251895.wav,MALE,444,12.369344170105746,11.49273561733256
vi_vn,tone,10810237292880731030.wav,MALE,309,13.883300291293905,14.332435579050113
vi_vn,tone,10821239110381895043.wav,MALE,618,13.631893619304188,11.456578767058257
vi_vn,tone,10826204555500854553.wav,MALE,502,15.544300998857324,11.42179893270932
th_th,tone,10021525843523202225.wav,FEMALE,553,17.164965599442343,11.7014737306245
th_th,tone,10026868752543983818.wav,FEMALE,493,17.133511176655844,11.717172288704425
th_th,tone,10039458165040799931.wav,FEMALE,665,23.07836595739192,11.659369487036262
th_th,tone,1007571455564489221.wav,FEMALE,708,22.449304092878812,11.632839057382158
th_th,tone,10084130310330574566.wav,FEMALE,524,20.85743652000734,11.561655938291329
th_th,tone,10101128707722413083.wav,FEMALE,119,16.64792001778772,13.044658437888756
th_th,tone,10105312761033339989.wav,FEMALE,238,17.332050957126953,12.72237091799933
th_th,tone,1015499225257626992.wav,FEMALE,765,22.28773180326762,11.808042094981143
th_th,tone,10169675868821705996.wav,FEMALE,702,11.933804385651339,13.182148077756583
th_th,tone,1019167928630402440.wav,FEMALE,897,27.063010344229685,11.36399253188208
th_th,tone,1019248392636387261.wav,FEMALE,466,10.766243225667647,13.605760371628557
th_th,tone,10216551269307861857.wav,FEMALE,505,14.4284345684488,12.191457774320362
th_th,tone,10219732965302371541.wav,FEMALE,427,15.474626459192633,12.417817318632203
th_th,tone,10223156761300860880.wav,FEMALE,394,9.854102393288764,13.790764166301567
th_th,tone,10233948161307563280.wav,FEMALE,251,23.724680477257984,11.772306820608428
th_th,tone,10237649933703760482.wav,FEMALE,533,21.802598068961487,11.57344763638614
th_th,tone,10238045899288506400.wav,FEMALE,123,10.826842971277697,12.718910923790487
th_th,tone,10248360673750680732.wav,FEMALE,404,12.693622053933248,13.830068391779314
th_th,tone,10254386637478850663.wav,FEMALE,547,20.11103350049858,12.07053371866394
th_th,tone,1026328125434336525.wav,FEMALE,260,10.6117591330564,13.525984202681949
th_th,tone,10281471544454650617.wav,FEMALE,1031,19.58525466707531,11.832792594266092
th_th,tone,10281772796474355231.wav,FEMALE,398,21.05660301120969,11.40532247101096
th_th,tone,10282461223805481506.wav,FEMALE,643,18.58669537294788,11.478897718895624
th_th,tone,10298102842969090649.wav,FEMALE,397,13.298391035885016,12.730020360231064
th_th,tone,1032427344821915583.wav,FEMALE,605,21.615619436668023,11.835022786606574
th_th,tone,10334604006572678758.wav,FEMALE,453,17.86534662420098,11.822069969575452
th_th,tone,10335124731606409859.wav,FEMALE,780,21.488697079158477,11.722226416999305
th_th,tone,10347911827388141257.wav,FEMALE,212,15.312744857136433,12.581242499721647
th_th,tone,10363030037687949251.wav,FEMALE,311,22.34248161042311,11.799131749042207
th_th,tone,10403039577417520332.wav,FEMALE,361,22.36596771395961,11.74515016551468
th_th,tone,10415743154273186089.wav,FEMALE,829,12.820495286931553,12.643836082961926
th_th,tone,10431521929338224517.wav,FEMALE,739,13.207595196122497,12.345958807909492
th_th,tone,10464708231492140124.wav,FEMALE,114,14.51884945537019,14.283065000696212
th_th,tone,10480952129573790261.wav,FEMALE,426,9.366385936882173,13.557274902901508
th_th,tone,10487848084648095852.wav,FEMALE,1252,13.090245842113417,12.947568739135825
th_th,tone,10494584835792353764.wav,FEMALE,191,13.390610655146691,13.534769840908595
th_th,tone,10605422399975955688.wav,FEMALE,62,12.415910908796398,16.029412329682778
th_th,tone,10606383130970807512.wav,FEMALE,466,17.756717998269167,11.813940650241276
th_th,tone,10620405667670427200.wav,FEMALE,367,13.463275597146897,13.14805829321238
th_th,tone,10630757502437535302.wav,FEMALE,638,20.003126843521176,11.829838030179017
yue_hant_hk,tone,10006915745726529860.wav,MALE,516,13.72185451614682,11.775533763211632
yue_hant_hk,tone,1003282807420591297.wav,MALE,1101,14.468014885900393,12.15782454742818
yue_hant_hk,tone,10115432746173245930.wav,FEMALE,556,19.016747188142197,14.01935600429418
yue_hant_hk,tone,10123879626346052468.wav,FEMALE,421,16.63998619942968,13.633170209878639
yue_hant_hk,tone,10124045044575977258.wav,FEMALE,609,19.20841864424999,13.829345428729507
yue_hant_hk,tone,10163731863724677756.wav,FEMALE,421,17.034860478562923,14.080566925534637
yue_hant_hk,tone,10165854033091765666.wav,FEMALE,34,14.275379873337343,17.86382034756157
yue_hant_hk,tone,10194685291289583261.wav,MALE,1208,12.949335115878615,11.911125488377259
yue_hant_hk,tone,10204212130682298746.wav,FEMALE,563,16.52510961228819,12.71235348297278
yue_hant_hk,tone,1023881369744285907.wav,FEMALE,528,12.938177030880857,12.91550237297935
yue_hant_hk,tone,10245144904171409267.wav,MALE,710,12.470416018367795,11.74621198293927
yue_hant_hk,tone,10267831357374546510.wav,FEMALE,12,72.29059063118265,17.307065376126268
yue_hant_hk,tone,10272142374484731068.wav,FEMALE,4,16.43666107203829,15.710254377379544
yue_hant_hk,tone,10290330502468725083.wav,MALE,588,16.25373404830115,11.800193222792895
yue_hant_hk,tone,10295916416848496368.wav,MALE,577,15.19584060960365,11.943266302619882
yue_hant_hk,tone,10311047307549015770.wav,MALE,968,17.854653586759653,11.553135233109543
yue_hant_hk,tone,10355037012986784156.wav,FEMALE,592,14.204382973688649,14.224490232122601
yue_hant_hk,tone,10369938180946786889.wav,FEMALE,356,13.982600747117665,13.872220381911314
yue_hant_hk,tone,10372767518753465093.wav,FEMALE,408,18.478845431692136,14.249021757771136
yue_hant_hk,tone,10420293471186542716.wav,FEMALE,617,18.008144589888033,13.83642498728054
yue_hant_hk,tone,10431920045158933966.wav,FEMALE,780,14.891974062767261,14.174192849938208
yue_hant_hk,tone,10435128854326771128.wav,FEMALE,628,18.2885789625531,13.836506847176782
yue_hant_hk,tone,10454356997801808162.wav,FEMALE,272,17.918643702019168,14.035202391704264
yue_hant_hk,tone,10458224867818168950.wav,FEMALE,483,17.328933139327553,12.49512085186279
yue_hant_hk,tone,10468050702869876303.wav,FEMALE,722,13.727821130173513,12.214039884793685
yue_hant_hk,tone,1048004768310451066.wav,FEMALE,946,18.135747084426736,13.949230131965196
yue_hant_hk,tone,10482556311900971686.wav,FEMALE,580,17.19063550631683,13.932628581233079
yue_hant_hk,tone,10492620775270248441.wav,MALE,771,11.430176374685113,12.426753670265928
yue_hant_hk,tone,10530839402022011245.wav,MALE,516,13.267634678546255,12.542971642229613
yue_hant_hk,tone,10545891343827799452.wav,MALE,743,13.140830739911518,11.692206222454669
yue_hant_hk,tone,10567437575574702217.wav,FEMALE,500,14.024206213983327,13.980439988703695
yue_hant_hk,tone,10613335159166952983.wav,FEMALE,401,10.682354360305064,13.43023335978872
yue_hant_hk,tone,10641977404756403706.wav,FEMALE,761,15.195772645132518,13.658666783070215
yue_hant_hk,tone,10664461940645676573.wav,FEMALE,378,23.763750535433147,14.252323754688685
yue_hant_hk,tone,10707107375499821904.wav,FEMALE,494,18.117965411572737,13.298566783067173
yue_hant_hk,tone,107180151191765738.wav,MALE,684,12.486298582750367,11.780295905686048
yue_hant_hk,tone,10744816780975362248.wav,MALE,803,15.252955664557305,11.466505451717282
yue_hant_hk,tone,10769929183926218436.wav,MALE,546,16.655272092522686,11.609858719634312
yue_hant_hk,tone,10797714833249323206.wav,MALE,514,12.404733815130863,12.157696269221603
yue_hant_hk,tone,10811609468037055791.wav,MALE,461,15.527144156855833,12.224020490144845
cmn_hans_cn,tone,10026684690566417990.wav,MALE,168,15.96585069602163,16.11086112330015
cmn_hans_cn,tone,10040380210557600780.wav,MALE,121,16.260130137903165,15.993248170269311
cmn_hans_cn,tone,10048525650290665384.wav,MALE,678,19.554640659950877,12.450672202222268
cmn_hans_cn,tone,10053956375630517392.wav,FEMALE,1249,18.137407570406268,11.70912002505992
cmn_hans_cn,tone,10056338555786085046.wav,MALE,573,15.640974858972692,13.389864634043992
cmn_hans_cn,tone,10073099671796350432.wav,MALE,565,14.874155442405662,12.302254629260414
cmn_hans_cn,tone,10081186303620187437.wav,MALE,481,17.00173345063236,13.459861797858995
cmn_hans_cn,tone,10104380129516909856.wav,MALE,744,15.682668851485122,12.2402297769491
cmn_hans_cn,tone,10112798408996336578.wav,FEMALE,524,21.304456219705052,11.913312701922225
cmn_hans_cn,tone,10134195680525011353.wav,FEMALE,331,25.114372474205922,12.351685177900423
cmn_hans_cn,tone,10142207404499844309.wav,FEMALE,559,20.98382099528228,11.984515214746313
cmn_hans_cn,tone,10144930991730701959.wav,FEMALE,320,16.362080280542727,12.318576259544185
cmn_hans_cn,tone,10147383166642115307.wav,FEMALE,466,18.58721220693254,12.036401238959918
cmn_hans_cn,tone,10154699825088384418.wav,FEMALE,225,23.454628038566664,13.072150796270217
cmn_hans_cn,tone,1015891181557233386.wav,FEMALE,273,21.703691142313932,12.425860019851957
cmn_hans_cn,tone,1017060882143751441.wav,MALE,717,16.890000357079312,12.595842928873658
cmn_hans_cn,tone,10182944938509562796.wav,MALE,507,21.626799834383085,12.409276067242828
cmn_hans_cn,tone,10234433636571543908.wav,MALE,599,22.092073413335083,12.05538591666326
cmn_hans_cn,tone,10279011772105822622.wav,FEMALE,394,13.036467582519052,12.545322202418806
cmn_hans_cn,tone,10325486695909573217.wav,MALE,312,16.651428457388512,13.257060503643208
cmn_hans_cn,tone,10325559490685159122.wav,MALE,454,13.783422832235058,12.942392208953319
cmn_hans_cn,tone,10343405611041314630.wav,MALE,210,15.439706777873296,15.49551145550432
cmn_hans_cn,tone,10369927130798325266.wav,MALE,870,12.324939079224022,11.881871009302815
cmn_hans_cn,tone,10388181945260949729.wav,FEMALE,330,25.25074186448081,12.641209651995696
cmn_hans_cn,tone,10400579561005332584.wav,FEMALE,456,19.53447530248169,12.302140431452463
cmn_hans_cn,tone,10480388653191520950.wav,MALE,269,17.158554209774994,15.004150765470383
cmn_hans_cn,tone,10481669967989866997.wav,MALE,110,13.035479121632394,15.988134380819131
cmn_hans_cn,tone,10540148133747674396.wav,MALE,595,13.750658401918834,13.254813049055416
cmn_hans_cn,tone,10544065594858743613.wav,MALE,249,14.752958237597763,15.618509647508915
cmn_hans_cn,tone,1055783299672050865.wav,MALE,270,14.666138870769405,15.142996811609315
cmn_hans_cn,tone,10558410879827163654.wav,MALE,356,15.644427172569504,14.861120565607827
cmn_hans_cn,tone,10563386955236607431.wav,FEMALE,687,20.07099191926384,12.355644527604108
cmn_hans_cn,tone,10571681330551714048.wav,FEMALE,348,21.416727124431326,12.750411252169764
cmn_hans_cn,tone,10604423531103587528.wav,FEMALE,569,28.85790982122632,12.509801206120137
cmn_hans_cn,tone,1061358881165519725.wav,MALE,179,14.176832704551892,15.188730297129812
cmn_hans_cn,tone,10651933140664828475.wav,MALE,486,14.4360709511427,12.782235086584663
cmn_hans_cn,tone,1065812790870009684.wav,MALE,683,21.506346404532316,12.56826290163259
cmn_hans_cn,tone,10674527227632117693.wav,MALE,401,15.947294125584069,12.583338228829154
cmn_hans_cn,tone,10694001904489787463.wav,MALE,175,14.669835475057077,15.296473511385567
cmn_hans_cn,tone,10695273702291556205.wav,MALE,341,19.087241816709856,14.649730813875628
yo_ng,tone,10004614807418206077.wav,MALE,1327,24.95181515987214,14.367739361298703
yo_ng,tone,10012525983487564904.wav,MALE,631,12.162183918940077,11.654416186433476
yo_ng,tone,10038578617307429132.wav,MALE,680,18.345175081883056,14.893006341524336
yo_ng,tone,10047155452005832869.wav,MALE,1112,11.818269301219383,12.290787748276445
yo_ng,tone,10075732340372834797.wav,MALE,1291,9.754427719052066,13.745638490875205
yo_ng,tone,10139658276118366380.wav,MALE,958,14.442020021637692,14.036582132800914
yo_ng,tone,1014970211285868104.wav,MALE,990,12.592057725468239,14.766403896938558
yo_ng,tone,10149713618211834484.wav,MALE,1968,8.94916067759958,13.316532299695655
yo_ng,tone,10199418047564275517.wav,MALE,447,14.480160012863827,12.469606351693782
yo_ng,tone,10234795054815643489.wav,MALE,849,8.91542688600413,14.138495904153677
yo_ng,tone,10303761282022018610.wav,MALE,1185,10.539706402411015,11.794168535671249
yo_ng,tone,10347105456079071418.wav,MALE,1068,12.528824592590187,11.87826429307535
yo_ng,tone,10354219070800730285.wav,MALE,1070,12.833752591838415,12.155334018031233
yo_ng,tone,10370968216531623982.wav,MALE,709,13.028121429469138,12.12159997548657
yo_ng,tone,10379015920335788956.wav,MALE,838,13.247893312421516,14.561048901654873
yo_ng,tone,10416675910211939177.wav,MALE,908,13.541485454358755,14.908043732462545
yo_ng,tone,10480623418731541217.wav,MALE,614,11.685862494781905,12.375064583287788
yo_ng,tone,1050392290980008442.wav,MALE,660,9.739554749021995,12.455103630769521
yo_ng,tone,1051154324778723638.wav,MALE,868,11.966663610579452,11.624011207867802
yo_ng,tone,10527407284601401494.wav,MALE,1340,13.406595039396203,11.946310645272312
yo_ng,tone,10537107798285990170.wav,MALE,554,7.845329906378536,13.680903089739692
yo_ng,tone,10596990762493183543.wav,MALE,1077,8.527406855733098,16.925073975610125
yo_ng,tone,10676374552825725906.wav,MALE,958,30.216120190677916,16.227046168051203
yo_ng,tone,1067731832916580127.wav,MALE,869,8.183700802129003,13.300786962021485
yo_ng,tone,10681623383851479093.wav,MALE,1551,8.616643705918724,13.173923550020675
yo_ng,tone,10731945229947186833.wav,MALE,1128,16.069650652098115,11.618537633754205
yo_ng,tone,10733444170381388127.wav,MALE,650,6.6692674732822805,14.481819786336644
yo_ng,tone,107557018025737043.wav,MALE,1184,12.351432829233975,16.269755197223375
yo_ng,tone,10761694821558708488.wav,MALE,1152,10.464412499853363,12.569889277163906
yo_ng,tone,10762786705704776308.wav,MALE,1060,9.958701360608949,12.936222955375928
yo_ng,tone,10782725727297765866.wav,MALE,1076,14.584140292455704,11.536136660825637
yo_ng,tone,10784908037959383188.wav,MALE,981,10.278918856325314,13.84262340170812
yo_ng,tone,10804482035422295249.wav,MALE,915,10.59922457235082,11.73401614544608
yo_ng,tone,1082547587225714470.wav,MALE,1142,8.977746454940208,12.788996165363919
yo_ng,tone,10833634857119806741.wav,MALE,1333,7.850281434033526,13.431132194391203
yo_ng,tone,10842789018095635813.wav,MALE,861,13.665768954701365,11.986674922652544
yo_ng,tone,10857724880607491341.wav,MALE,644,28.779180093636946,15.336066210765804
yo_ng,tone,10866433972918459124.wav,MALE,464,12.017845243068225,14.253782127392101
yo_ng,tone,10882416760765464955.wav,MALE,810,11.042967982760521,14.428320447563788
yo_ng,tone,10901955250792155120.wav,MALE,1001,12.529499428307382,12.853576082047425
ig_ng,tone,10026309344187027394.wav,MALE,614,9.758441351674442,13.695703900096756
ig_ng,tone,10028857168024152636.wav,MALE,417,11.193056329762616,13.489022546072338
ig_ng,tone,10032643864415174209.wav,FEMALE,0,nan,16.133774241947307
ig_ng,tone,10047493645340696500.wav,FEMALE,332,10.809609312257393,14.436446347689614
ig_ng,tone,10050654787896216253.wav,MALE,773,10.381871287051755,13.149839265877453
ig_ng,tone,10057819627557776878.wav,FEMALE,1334,8.51855862926879,15.391531979247969
ig_ng,tone,10059802185886416965.wav,MALE,551,12.528465352740112,13.073380754389147
ig_ng,tone,10065495225756996247.wav,FEMALE,816,11.78223629012995,14.253958675585555
ig_ng,tone,10073942088470718781.wav,FEMALE,1474,9.252045329484783,13.331123109896357
ig_ng,tone,10085258615364794155.wav,MALE,660,11.66465332708561,13.22486035127854
ig_ng,tone,10111656983425821409.wav,MALE,617,10.929683231434684,13.862711982166577
ig_ng,tone,10133712136599407853.wav,FEMALE,372,11.237636555811576,14.445285572985124
ig_ng,tone,10137684509575960114.wav,FEMALE,0,nan,16.925567172088527
ig_ng,tone,10162254286452235406.wav,MALE,812,11.532561889823686,13.466975996632794
ig_ng,tone,10195458377608091017.wav,MALE,673,10.127910531295054,13.919769843820063
ig_ng,tone,10203097035041753102.wav,FEMALE,562,10.691004821133467,14.649146050736961
ig_ng,tone,10217626172103365639.wav,MALE,928,9.64778589174965,13.133577204916985
ig_ng,tone,10225711295455847064.wav,FEMALE,273,13.024675095401214,14.735204560534351
ig_ng,tone,10233325303970615575.wav,MALE,583,8.950832130318151,13.598261227044974
ig_ng,tone,1025488349428406915.wav,FEMALE,1134,10.212253717139301,12.84560592485635
ig_ng,tone,10260607717296390847.wav,MALE,715,10.173035535537604,13.41577412826718
ig_ng,tone,10270999191333815212.wav,MALE,615,10.006425279332582,13.112011812123136
ig_ng,tone,10289876271076829418.wav,FEMALE,479,7.601387007280124,15.001622872156439
ig_ng,tone,1030358147113588777.wav,MALE,665,9.818516993962671,13.442840423146013
ig_ng,tone,10324903537465620631.wav,FEMALE,1570,9.116753819190915,12.351466471068765
ig_ng,tone,10329735116921055354.wav,MALE,833,10.539588159746033,12.854889418310842
ig_ng,tone,10365913516810290068.wav,MALE,527,9.153208352940807,13.21771792313379
ig_ng,tone,10425240128289830370.wav,FEMALE,979,8.141567039676568,14.511100197685089
ig_ng,tone,10429980641309718570.wav,MALE,661,11.469186122720515,12.772446513549207
ig_ng,tone,10432088778424964183.wav,MALE,964,12.113182487003042,12.884378540097945
ig_ng,tone,10434617888296084570.wav,MALE,695,12.949089966566763,12.889472998650305
ig_ng,tone,10458874970678079881.wav,MALE,567,8.908901993871215,13.584668667442251
ig_ng,tone,10502503839505524811.wav,MALE,756,8.80664399270949,13.034696109998157
ig_ng,tone,10546437408964413537.wav,MALE,984,10.916798060423432,13.26623335309088
ig_ng,tone,10561050388215999858.wav,MALE,394,11.479548422836007,13.37587902307799
ig_ng,tone,10572527747472392494.wav,MALE,1585,9.318913105017355,13.248102643963062
ig_ng,tone,10586337632165361983.wav,FEMALE,440,10.031877167159148,14.151673510286683
ig_ng,tone,10589385007942101235.wav,MALE,673,10.361623856719286,12.986179412377215
ig_ng,tone,10599853619709996165.wav,FEMALE,1039,11.517587636894717,13.820652548894339
ig_ng,tone,10626516582621671028.wav,FEMALE,648,11.510800192917783,14.303261147857512
am_et,ejective,10003612465176046723.wav,FEMALE,589,13.111601545011709,13.830325827070395
am_et,ejective,10012704948933492755.wav,FEMALE,463,14.911337058410023,13.683387893100804
am_et,ejective,10045377790517390503.wav,FEMALE,662,10.357787714858539,13.296306620744451
am_et,ejective,10051106711687525410.wav,FEMALE,386,15.930259328461895,13.520265442707068
am_et,ejective,10088366290604436390.wav,FEMALE,347,19.733412846003624,13.650268793598027
am_et,ejective,10129440473619912057.wav,FEMALE,274,13.288702044912068,13.642739007188341
am_et,ejective,10145345127432001964.wav,FEMALE,407,17.95482701020736,13.6490347600787
am_et,ejective,10212564749152212122.wav,FEMALE,516,11.543486981329076,13.59462580845404
am_et,ejective,10220122342741781300.wav,FEMALE,1052,14.15634439806248,13.732302252680457
am_et,ejective,1023762135314771768.wav,FEMALE,413,11.094659650790112,13.428277512297205
am_et,ejective,10240274328941460061.wav,FEMALE,451,14.709970856086487,13.77638322930345
am_et,ejective,10248511509370293669.wav,FEMALE,391,17.929594753580893,13.52310478153793
am_et,ejective,10262140668067491488.wav,FEMALE,572,12.679061216997741,13.898118712658896
am_et,ejective,10293963889444360150.wav,FEMALE,474,15.790223597067692,13.244436946512344
am_et,ejective,10295133453139767268.wav,FEMALE,582,15.464933765296125,13.649890409013526
am_et,ejective,10356420688435605249.wav,FEMALE,721,9.767033405300156,13.579222098047019
am_et,ejective,10366541048673829831.wav,FEMALE,388,16.370172802300637,13.461576131975114
am_et,ejective,10372803738750784706.wav,FEMALE,460,15.247008983051249,13.35998887287904
am_et,ejective,10387948286478610097.wav,FEMALE,509,16.84177369841642,13.493559869481148
am_et,ejective,10390031479906056559.wav,FEMALE,291,14.65826520980904,13.479342686283339
am_et,ejective,10402937732197933579.wav,FEMALE,582,16.75247193806037,13.426568429123119
am_et,ejective,10406107872501557912.wav,FEMALE,564,14.820587837511257,14.128536825017195
am_et,ejective,10431813547519605439.wav,FEMALE,731,14.956512025979606,13.865616365183037
am_et,ejective,1046481794437753227.wav,FEMALE,438,14.74944305222184,13.655724828844983
am_et,ejective,1048838254901128228.wav,FEMALE,284,14.066154281025062,13.704618123658472
am_et,ejective,10493130252130350461.wav,FEMALE,587,14.988438703871084,13.60520105682637
am_et,ejective,10498308169550999781.wav,FEMALE,381,13.369933021348887,13.64959172535709
am_et,ejective,10504105506397242037.wav,FEMALE,683,14.232246285955757,13.493111216244076
am_et,ejective,10508095362710545206.wav,FEMALE,799,11.284048995353736,12.927579102901465
am_et,ejective,10526534373027337102.wav,FEMALE,476,16.68360897326967,13.573828542424435
am_et,ejective,10558506525812318921.wav,FEMALE,736,15.223310316863516,13.363592517315237
am_et,ejective,1055897750962961283.wav,FEMALE,882,10.751737197928058,13.147426743332627
am_et,ejective,10566805937830652959.wav,FEMALE,501,14.817450699026987,13.42402690935814
am_et,ejective,1059922535980631388.wav,FEMALE,560,9.40085998257786,13.3052499263149
am_et,ejective,10601507231538470813.wav,FEMALE,480,15.243426542242688,13.54344303896445
am_et,ejective,10633842266714164155.wav,FEMALE,613,10.196544968118195,13.68360493940659
am_et,ejective,1065530119791207482.wav,FEMALE,294,12.979385718938543,13.679954762437987
am_et,ejective,10710448327850887408.wav,FEMALE,326,16.24693732626708,13.9599896250641
am_et,ejective,10714390317364651687.wav,FEMALE,391,16.31468116422005,13.693014096721402
am_et,ejective,10734341376660818966.wav,FEMALE,558,16.161645413621624,13.595849324201772
ka_ge,ejective,10022870819550332547.wav,FEMALE,41,20.240678374347887,13.123892880222078
ka_ge,ejective,10049298347626572743.wav,FEMALE,2,9.541162091367344,13.009857761009313
ka_ge,ejective,10049690027739027420.wav,FEMALE,402,15.383743027816072,12.71959009183837
ka_ge,ejective,10057217115354444828.wav,FEMALE,11,14.302196032113795,13.53229569197415
ka_ge,ejective,10062143887841767445.wav,FEMALE,585,14.711082593057235,11.968067211218933
ka_ge,ejective,10074280544572435299.wav,FEMALE,499,9.961655687066614,13.00320765077489
ka_ge,ejective,10086793514196598344.wav,FEMALE,32,19.540727863590945,13.352982538326675
ka_ge,ejective,10099522782964815640.wav,FEMALE,880,12.443186624714354,11.942593303220665
ka_ge,ejective,10141718907493268196.wav,FEMALE,364,14.390481485952282,13.491247948583684
ka_ge,ejective,10149497495820348562.wav,FEMALE,748,13.05321124162987,12.287427504957847
ka_ge,ejective,10162098829910091796.wav,FEMALE,55,23.75236174151877,12.821177373178706
ka_ge,ejective,10191190175117818177.wav,FEMALE,0,nan,13.65581105004869
ka_ge,ejective,10191859901311198027.wav,FEMALE,754,12.15631349173543,12.59600259294063
ka_ge,ejective,10280405335891226955.wav,FEMALE,0,nan,13.601169111913732
ka_ge,ejective,10286654056612928025.wav,FEMALE,9,11.404524877245349,13.450870486160284
ka_ge,ejective,10304160118986283422.wav,FEMALE,23,23.508813576007785,13.810288350523084
ka_ge,ejective,1031137562236925386.wav,FEMALE,0,nan,13.801197021533639
ka_ge,ejective,10313838034202072982.wav,FEMALE,33,21.868476218561472,12.909073796228398
ka_ge,ejective,10323065835453782557.wav,FEMALE,0,nan,13.907262752621378
ka_ge,ejective,10328030181465842780.wav,FEMALE,0,nan,14.02718644626014
ka_ge,ejective,10349028373994382840.wav,FEMALE,9,28.42134135719784,13.74735214484045
ka_ge,ejective,104039188855202939.wav,FEMALE,658,12.789556649820662,13.247621578986394
ka_ge,ejective,10418954109040148519.wav,FEMALE,0,nan,13.700908678574542
ka_ge,ejective,10424962819857189919.wav,FEMALE,750,11.439793370019748,12.82187592700246
ka_ge,ejective,10470571721564216711.wav,FEMALE,551,14.740054005799795,12.944057836650746
ka_ge,ejective,10473522351034302732.wav,FEMALE,351,13.802648934783786,13.583756431229194
ka_ge,ejective,10474086046130490217.wav,FEMALE,31,16.939037225733063,13.042195775726118
ka_ge,ejective,10475943421936835817.wav,FEMALE,0,nan,13.596982283659237
ka_ge,ejective,10503019105297526329.wav,FEMALE,906,12.113314067452674,12.362908309139083
ka_ge,ejective,10524366783356733966.wav,FEMALE,530,9.674844379336157,12.76694828678363
ka_ge,ejective,10542211995464124263.wav,FEMALE,0,nan,13.471249508528851
ka_ge,ejective,10569094513490429094.wav,FEMALE,5,46.08626865517644,13.660687422499286
ka_ge,ejective,10590670527690483256.wav,FEMALE,93,17.45461307051086,12.273369664375325
ka_ge,ejective,10591965117109932280.wav,FEMALE,391,13.675890434925282,13.150275037828647
ka_ge,ejective,10600273324270207916.wav,FEMALE,1056,15.933757468979707,11.715912336796555
ka_ge,ejective,10641000698829491725.wav,FEMALE,455,12.864022692129282,12.781688696423444
ka_ge,ejective,10646924980413934117.wav,FEMALE,79,15.922487732674398,12.790857380458206
ka_ge,ejective,10689563928788822929.wav,FEMALE,0,nan,13.425222617842708
ka_ge,ejective,10694735821703152311.wav,FEMALE,0,nan,13.959815857676848
ka_ge,ejective,10704844737159875969.wav,FEMALE,120,17.56279993179119,13.258873472869194
om_et,ejective,10695288057067411553.wav,MALE,653,8.884259189585617,11.634935757713489
om_et,ejective,10716920600796929348.wav,MALE,789,13.506500198176429,11.292938924981408
om_et,ejective,12466435787664432827.wav,MALE,718,9.5247547700673,11.559590837631125
om_et,ejective,12680734206236244818.wav,MALE,1182,9.16317358645455,11.591774293321496
om_et,ejective,13217544637751184217.wav,MALE,461,9.669735520660403,11.242903208580227
om_et,ejective,1405199586247027360.wav,MALE,525,11.029884971214805,11.381356213962698
om_et,ejective,14123746431503191092.wav,MALE,1305,11.205456378801552,11.737290587211522
om_et,ejective,14191175168181988387.wav,MALE,681,9.70822830221919,11.010431026836041
om_et,ejective,14210434293859049996.wav,MALE,818,18.22176118003403,12.14563761707626
om_et,ejective,14231673301886072961.wav,MALE,1075,10.033003759650555,11.310258306705254
om_et,ejective,14294161843310084718.wav,MALE,336,10.425106846537279,11.262838967397109
om_et,ejective,15251032822797227218.wav,MALE,748,9.97837232770716,11.745597603089085
om_et,ejective,15712463272235406586.wav,MALE,602,13.816301370335491,12.045358891511253
om_et,ejective,15942839623153356375.wav,MALE,1255,11.187249875865618,11.601765762977966
om_et,ejective,159711520341470243.wav,MALE,543,11.34153512295904,11.983587954232213
om_et,ejective,16325089481171341360.wav,MALE,1003,10.892637714980133,11.515377854041976
om_et,ejective,17398958326711094893.wav,MALE,772,10.222527353763816,12.048356822741642
om_et,ejective,2441746159197474354.wav,MALE,545,12.928003253209893,13.191425014979691
om_et,ejective,272549999074670776.wav,MALE,1102,12.237723220395587,12.094374220667278
om_et,ejective,2900638296539408394.wav,MALE,561,9.131057155212977,11.926274893356549
om_et,ejective,2906215558540848061.wav,MALE,436,12.06612788082162,11.618322044994624
om_et,ejective,3054378761787296824.wav,MALE,1376,10.258168963671602,11.991471071600918
om_et,ejective,308791490350312831.wav,MALE,1369,12.605544677620134,11.775929552549817
om_et,ejective,3473228985897147057.wav,MALE,593,11.538346768385402,11.097430665571022
om_et,ejective,3671801842821972152.wav,MALE,470,11.307156711142088,11.449311945173969
om_et,ejective,4424400940283539860.wav,MALE,1200,8.943694407767161,11.528170427534278
om_et,ejective,451678836919312416.wav,MALE,1417,13.621512569322586,10.704571791132732
om_et,ejective,4689086357417147411.wav,MALE,470,14.349846502582512,11.699695203447261
om_et,ejective,4724932880491798647.wav,MALE,544,11.121843205498845,11.421439115431175
om_et,ejective,5762771617582145745.wav,MALE,424,9.962511750186724,11.708471287591069
om_et,ejective,5937166285827815833.wav,MALE,706,13.2075374245296,12.009203869967408
om_et,ejective,6116711330464682517.wav,MALE,582,11.741444953173826,11.108297645785294
om_et,ejective,6273167335000591623.wav,MALE,499,9.318583652250373,12.069018048082908
om_et,ejective,7286931588685984837.wav,MALE,467,11.780286399185382,11.404976174877017
om_et,ejective,8141465655147765207.wav,MALE,573,15.165635133077284,11.527606162061725
om_et,ejective,8207494583588319692.wav,MALE,515,9.515219144368046,11.852032622083456
om_et,ejective,861126166452965779.wav,MALE,787,14.115542353268172,11.421807533826186
om_et,ejective,8886816443850521460.wav,MALE,1467,10.835079730347385,12.072998009249899
om_et,ejective,9150500777645412738.wav,MALE,658,9.741173166603009,12.378970231633863
om_et,ejective,9474139508900353298.wav,MALE,1020,10.50278491973445,11.93300741572771
zu_za,click,10009398770175121741.wav,MALE,506,15.264175813785007,12.726912027900228
zu_za,click,10022961257841140705.wav,FEMALE,197,11.494236841930515,13.063939784529834
zu_za,click,10023344551970455832.wav,FEMALE,511,14.099632423887618,13.190800056133035
zu_za,click,10035707723818727827.wav,FEMALE,883,9.448342597626667,13.600937055394224
zu_za,click,10074919709538101732.wav,MALE,821,12.772139522496914,12.711715477285292
zu_za,click,10112303444010395114.wav,FEMALE,1305,14.091724017792135,13.034705987410057
zu_za,click,10130776146612338269.wav,MALE,592,15.41616049840245,12.511531704784595
zu_za,click,10141047927379829532.wav,MALE,927,16.430705868794266,12.0962754037334
zu_za,click,10173289305587483189.wav,FEMALE,705,10.311537129002868,13.004279064035448
zu_za,click,10179620851045022176.wav,FEMALE,580,13.177746758389505,13.159867385058028
zu_za,click,10233597164623798499.wav,FEMALE,928,9.665894880420907,13.543635848564598
zu_za,click,10236834525194481245.wav,FEMALE,419,11.14709547729798,14.126740594951134
zu_za,click,10267653800504567900.wav,FEMALE,627,18.482046212361222,12.257393542813666
zu_za,click,10305623000604436864.wav,FEMALE,693,12.997120465846763,13.46426717525752
zu_za,click,10323530375490675320.wav,FEMALE,692,10.823845851339982,13.816426502008422
zu_za,click,10326582857533875289.wav,FEMALE,450,8.303842557828531,13.526638201141285
zu_za,click,10350168312728871167.wav,FEMALE,1243,21.238318437671467,12.333441922197663
zu_za,click,10376816655783433209.wav,FEMALE,653,9.828066546819272,14.171483588371345
zu_za,click,10378913855444313042.wav,FEMALE,625,8.152336660054708,13.996246372632369
zu_za,click,10404844752936660211.wav,FEMALE,935,8.415823936324669,13.460146288417823
zu_za,click,1046638178426816339.wav,FEMALE,749,8.867871721468932,12.689639814597843
zu_za,click,1048941670507612980.wav,FEMALE,775,21.00168878376487,12.43308094011025
zu_za,click,10495157933204271581.wav,FEMALE,1240,10.449167554508758,12.653751081216786
zu_za,click,1051976640230109655.wav,FEMALE,1219,18.754543861335645,12.364951890671257
zu_za,click,1054214380299464529.wav,FEMALE,589,9.546140052602789,12.876541937049097
zu_za,click,10560577862918063751.wav,FEMALE,1135,10.56086421847113,12.861696299330891
zu_za,click,10580898450616582846.wav,MALE,933,21.070149502510997,12.372469661921976
zu_za,click,10612834763345893993.wav,FEMALE,394,9.79402014895159,12.77384376243372
zu_za,click,10643908877263433702.wav,FEMALE,347,10.582983312576097,13.721829768763259
zu_za,click,10677484748860005778.wav,FEMALE,1888,21.047893553354143,12.722048555179118
zu_za,click,1069268328327511266.wav,FEMALE,637,25.751181285107393,12.550132847783491
zu_za,click,10720365827704241572.wav,MALE,656,17.69477605240741,12.395056075532546
zu_za,click,10756388886888882371.wav,MALE,547,12.73434980561148,12.794373159614231
zu_za,click,10766045763092999684.wav,FEMALE,912,17.13876695229035,12.640303209094483
zu_za,click,10770612629859191390.wav,MALE,765,14.544276679079571,12.62403546368678
zu_za,click,10782531262571389975.wav,FEMALE,722,8.798604324420316,12.933478938748918
zu_za,click,10789652114803434060.wav,FEMALE,1156,9.86675472965414,13.886508349075589
zu_za,click,10798914910852470295.wav,FEMALE,1207,10.946862251741686,13.043911565920292
zu_za,click,1080029788238069214.wav,FEMALE,498,9.616984332212912,14.129964213684179
zu_za,click,10809734731250783487.wav,FEMALE,477,10.812756939516987,13.857550910420102
xh_za,click,100190912282050547.wav,MALE,0,nan,13.116125078570747
xh_za,click,10024588794739039782.wav,MALE,2,57.80064374768926,13.031502781701144
xh_za,click,10082258072225657789.wav,MALE,0,nan,13.260070568888207
xh_za,click,10108111729117411413.wav,MALE,0,nan,12.860616140677987
xh_za,click,1013681520697460289.wav,MALE,0,nan,13.02324997290215
xh_za,click,10165256419641240711.wav,MALE,0,nan,13.337999536169399
xh_za,click,10177133363514217521.wav,MALE,0,nan,12.700249448293667
xh_za,click,10189440877719778585.wav,MALE,0,nan,12.785835629659584
xh_za,click,10190887711298179758.wav,MALE,0,nan,13.134515103764306
xh_za,click,10201560834096244617.wav,MALE,0,nan,13.234270723266249
xh_za,click,10212952741051801821.wav,MALE,0,nan,13.224105176063881
xh_za,click,10220013537504906517.wav,MALE,0,nan,13.501059103616601
xh_za,click,10236432127936911058.wav,MALE,0,nan,13.363685387997597
xh_za,click,10269742138260875410.wav,MALE,0,nan,13.04673498011965
xh_za,click,10276273754821341252.wav,MALE,0,nan,12.972959009739279
xh_za,click,1031099347383216892.wav,MALE,0,nan,12.558872446195865
xh_za,click,10346008517010223866.wav,MALE,0,nan,13.003174065001811
xh_za,click,10359282130406249979.wav,MALE,0,nan,12.800910580030475
xh_za,click,1039332833154748841.wav,MALE,0,nan,12.743393578132823
xh_za,click,1039906634871992557.wav,MALE,0,nan,12.787972695083935
xh_za,click,10401135819954729730.wav,MALE,0,nan,12.96231577291033
xh_za,click,10404823038062649012.wav,MALE,0,nan,12.901037040133556
xh_za,click,10414431537593863245.wav,MALE,0,nan,13.244721798339416
xh_za,click,10430473304931052843.wav,MALE,0,nan,12.827890215852928
xh_za,click,10437429645249821637.wav,MALE,0,nan,12.767957040769815
xh_za,click,10442268655702822158.wav,MALE,0,nan,13.120478841639388
xh_za,click,1044859678121922265.wav,MALE,0,nan,12.899952040640022
xh_za,click,10459538908304787452.wav,MALE,0,nan,13.405447159077205
xh_za,click,10470476866411885971.wav,MALE,0,nan,13.48503628474813
xh_za,click,10486071292324504416.wav,MALE,0,nan,13.993974796267416
xh_za,click,10508606801544936571.wav,MALE,0,nan,13.121546686883164
xh_za,click,1054508545198506754.wav,MALE,0,nan,13.663469465067461
xh_za,click,10559235104824188329.wav,MALE,0,nan,13.948583637482729
xh_za,click,10562609944833706985.wav,MALE,0,nan,13.51646852512102
xh_za,click,10625479335834284809.wav,MALE,0,nan,13.12114341064028
xh_za,click,10635279442546152100.wav,MALE,0,nan,12.974653509362945
xh_za,click,10665196054994581088.wav,MALE,0,nan,12.751347238515661
xh_za,click,1067488181939717568.wav,MALE,0,nan,13.275948933699365
xh_za,click,10746864201622643960.wav,MALE,0,nan,12.454495654386143
xh_za,click,10758434830223491320.wav,MALE,0,nan,13.073412692249168
en_us,control,1003119935936341070.wav,MALE,155,14.759323250887636,13.534202054241646
en_us,control,10052240106321793346.wav,MALE,735,10.85130756143481,11.200361999728841
en_us,control,10167324587744183095.wav,FEMALE,0,nan,14.720784996577928
en_us,control,10197164397713068203.wav,FEMALE,0,nan,14.441027355256729
en_us,control,10233995782544396174.wav,FEMALE,0,nan,13.722853207578687
en_us,control,10235738076911595987.wav,MALE,979,13.115040453870371,10.758205455633096
en_us,control,10323357556845456822.wav,FEMALE,0,nan,13.779190013531409
en_us,control,10335587906469246566.wav,FEMALE,0,nan,13.337378028118678
en_us,control,10344335557154974057.wav,MALE,972,12.62019526708928,10.816712956264888
en_us,control,1036771894648013441.wav,FEMALE,0,nan,13.575645096019134
en_us,control,1038214857203833067.wav,FEMALE,0,nan,14.194352140128675
en_us,control,10383288285905292158.wav,FEMALE,0,nan,14.747694775144868
en_us,control,10405958125670257178.wav,FEMALE,0,nan,13.314787010018826
en_us,control,10411016628242228511.wav,FEMALE,12,17.000765596445767,13.645232554239179
en_us,control,1042003289011443756.wav,MALE,361,12.124259530374868,13.00194886090637
en_us,control,1043394666292127188.wav,MALE,1362,12.98520057646369,10.596119031784495
en_us,control,1045619486290403122.wav,FEMALE,2,63.72584269455662,14.618938915603058
en_us,control,1046653381869710616.wav,FEMALE,0,nan,13.581984890383705
en_us,control,10471564175308895403.wav,MALE,465,17.508417766574734,10.322149952242187
en_us,control,10481451226514948764.wav,MALE,76,18.276150936839564,13.39875540687148
en_us,control,10492135991603561867.wav,FEMALE,0,nan,13.343827262757262
en_us,control,10492761258488775721.wav,FEMALE,0,nan,13.88990610355995
en_us,control,10536763405165824117.wav,MALE,628,15.30881695509078,11.709114001449962
en_us,control,1054805305879816018.wav,FEMALE,0,nan,13.413112133736846
en_us,control,10550734868852131138.wav,MALE,572,14.578571015531082,12.964147057118243
en_us,control,10614481583312370701.wav,MALE,756,12.53801058280656,10.674293102010807
en_us,control,10622204403793540766.wav,FEMALE,0,nan,13.981507472388303
en_us,control,10731896540541531669.wav,MALE,1119,12.927121414848749,10.96073154054097
en_us,control,10751756685109361684.wav,FEMALE,0,nan,14.114754553193492
en_us,control,10768814098664478369.wav,MALE,880,14.044587782617553,12.092376141547774
en_us,control,10849792007407044602.wav,FEMALE,0,nan,14.55692819444147
en_us,control,10861831846737909528.wav,MALE,533,12.332285255346068,12.06710058834809
en_us,control,10894616243452123700.wav,FEMALE,0,nan,13.355930545671
en_us,control,10899527843662463911.wav,FEMALE,0,nan,12.784714267626365
en_us,control,10903101168349732260.wav,MALE,595,14.364412417012492,11.324801423042054
en_us,control,10933070083389897676.wav,FEMALE,0,nan,13.793901924253138
en_us,control,10937407360976471523.wav,MALE,546,12.815348321062263,12.081205781058486
en_us,control,10938576782105608041.wav,FEMALE,0,nan,14.273985497232184
en_us,control,10969774925516121312.wav,FEMALE,0,nan,14.385402179113102
en_us,control,11060294228176938598.wav,FEMALE,0,nan,13.858019209199574
fr_fr,control,10043298898524273336.wav,FEMALE,0,nan,14.271924297449464
fr_fr,control,10097171356371990207.wav,MALE,1467,12.762448919101589,11.87417009452262
fr_fr,control,10138021779681596478.wav,MALE,521,15.562472251861447,12.31385064990468
fr_fr,control,10143749263702132703.wav,FEMALE,675,11.524172601738496,13.332542339871688
fr_fr,control,10166091086920486572.wav,FEMALE,583,12.69799932090153,13.316374758643033
fr_fr,control,10174413140250646001.wav,MALE,410,9.766140580605638,12.663835267192571
fr_fr,control,10221277978969763776.wav,MALE,501,14.848565051545258,11.949873080478593
fr_fr,control,10334413597118469552.wav,MALE,671,12.036740850576441,12.491201783922298
fr_fr,control,10385751433252343757.wav,FEMALE,556,10.90076180484646,13.389725389167191
fr_fr,control,10399459061919571703.wav,MALE,549,14.296057175369054,12.952545182284586
fr_fr,control,10451502537136425109.wav,FEMALE,609,9.850823781912885,13.58394645854043
fr_fr,control,10473501692975174389.wav,MALE,862,12.465045931656134,11.963275134952514
fr_fr,control,10481242713503018126.wav,MALE,524,13.365416422669748,12.300761426358617
fr_fr,control,10496509281839367149.wav,MALE,746,12.941082666085244,12.130740910090129
fr_fr,control,10550408276028637262.wav,MALE,511,11.610412012109217,13.027333480228402
fr_fr,control,10551999992203614767.wav,MALE,812,12.074249900466405,12.214665698537285
fr_fr,control,1057422269812878594.wav,MALE,1913,10.749637502884642,11.650953547369344
fr_fr,control,10583265778505453148.wav,MALE,269,18.689752585782596,12.56919982327567
fr_fr,control,10603531439273760949.wav,MALE,805,12.45061540765851,12.197095174463925
fr_fr,control,1063626966878784571.wav,MALE,560,9.60877109273909,12.586830441864365
fr_fr,control,10677508033193966655.wav,MALE,460,13.339107448653891,12.765598251111859
fr_fr,control,10703796668246155041.wav,MALE,293,12.7794414825063,12.843023133583522
fr_fr,control,10709985934106699878.wav,MALE,557,10.639090031383343,13.279403663310804
fr_fr,control,10777874021057022864.wav,MALE,743,12.827908540969158,12.544900927214725
fr_fr,control,10876086819338968684.wav,MALE,333,11.970215861106329,12.801927682344337
fr_fr,control,10879520346624605576.wav,MALE,668,12.26403241943327,12.070823630364583
fr_fr,control,10926529561499706520.wav,MALE,702,11.309972617440899,12.431572285890166
fr_fr,control,10929892609691631011.wav,MALE,676,15.237910048092989,11.972016784586001
fr_fr,control,10946670521716589729.wav,MALE,272,15.039520019508105,12.83786398611283
fr_fr,control,10991225759022624703.wav,MALE,113,17.89602725911994,13.68052400765172
fr_fr,control,1100355315202232555.wav,MALE,668,14.40360599986897,12.06306826577822
fr_fr,control,11026160349720831517.wav,MALE,139,16.5168616201451,13.000798296012299
fr_fr,control,11053552208891406186.wav,MALE,793,10.609702795676231,12.248582477929103
fr_fr,control,11083144489197368524.wav,MALE,374,11.25050164691625,15.615000157514878
fr_fr,control,11120673739162246199.wav,MALE,982,9.646222142270402,12.037808149986533
fr_fr,control,11158186597445588152.wav,MALE,935,12.66193651002094,12.109984722295739
fr_fr,control,11249797993904983848.wav,MALE,584,10.68508421799563,12.755453034771236
fr_fr,control,11274182791174433905.wav,MALE,875,11.179233629936729,11.63181426082384
fr_fr,control,11276086981803797470.wav,MALE,581,11.155123606105812,12.253779229605325
fr_fr,control,11290827732467943769.wav,MALE,327,13.351049686644554,13.193701581000923
de_de,control,10004059102127011984.wav,MALE,610,15.414451604633676,14.861197653192637
de_de,control,10009182821551087671.wav,MALE,523,16.14513948360611,12.63927507113735
de_de,control,10014044777125235464.wav,MALE,865,13.201756020854294,13.873810093551326
de_de,control,10030056357041867775.wav,MALE,788,13.73939285582119,12.398510923757458
de_de,control,10058186628567796965.wav,MALE,524,11.812485168584582,12.253021661234744
de_de,control,10058299886985225661.wav,MALE,513,12.411478268421032,12.087602527743812
de_de,control,10095057775426831514.wav,MALE,866,22.00807296774098,12.040888772717746
de_de,control,10159541282515887574.wav,MALE,749,12.137201730116086,14.88981107476329
de_de,control,10166547362714956625.wav,MALE,592,10.820752213867635,12.548358590896239
de_de,control,10171859810965764480.wav,MALE,2071,11.165242347335152,14.340601637162534
de_de,control,10229344228128634115.wav,MALE,444,18.546645749237822,12.077077907539183
de_de,control,10240730312646485406.wav,MALE,1162,11.422626194850626,11.706485351596507
de_de,control,10243976286554101786.wav,MALE,914,11.81564655908107,13.985015871485807
de_de,control,10271188615398617841.wav,MALE,1023,11.734189334236719,12.05115262991242
de_de,control,10287357790080034783.wav,MALE,692,15.09007630659932,12.111466334018381
de_de,control,10308608197319017935.wav,MALE,383,11.2538683802471,14.116362288096465
de_de,control,10320843719886214788.wav,MALE,696,15.46695493530994,11.265279214892999
de_de,control,10342213717361642954.wav,MALE,324,15.884480162805112,12.077775564417378
de_de,control,10347138311808731867.wav,MALE,730,11.852623681939171,14.242595538501266
de_de,control,103625751236710165.wav,MALE,584,11.169594583295527,14.04254958789221
de_de,control,10365333717345563614.wav,MALE,499,12.801884587939075,13.213719692377936
de_de,control,10371526464884803925.wav,MALE,402,14.297514436178261,15.770458192017657
de_de,control,10376367261184486277.wav,MALE,2142,12.291022494644583,14.44603392878026
de_de,control,10389623687459114198.wav,MALE,562,11.858866274096407,14.23444805887626
de_de,control,10394143367436767913.wav,MALE,942,13.970835254161473,14.529988648163402
de_de,control,10400220672903290490.wav,MALE,640,10.530779785793255,14.621488538551366
de_de,control,10438132720416552229.wav,MALE,789,13.095700559821136,12.599841869350406
de_de,control,10468958335301071458.wav,MALE,531,12.235709585716936,12.711802640850374
de_de,control,10477370799955229240.wav,MALE,399,18.366653257654264,12.154808698737792
de_de,control,10504450071805589678.wav,MALE,886,12.744578594048196,15.73064910956402
de_de,control,1051177360594616241.wav,MALE,543,16.70961625230039,12.29908269563036
de_de,control,10523281885564082084.wav,MALE,880,11.261877404009507,12.17269552624355
de_de,control,10531322632885167607.wav,MALE,935,11.248459863787827,11.950020717146513
de_de,control,10534115037762380445.wav,MALE,672,17.782789877648774,12.027132559858945
de_de,control,10539427407639372945.wav,MALE,1429,10.944026051580607,14.443606168549781
de_de,control,10550358236047036338.wav,MALE,886,15.868521555905813,12.368309332716898
de_de,control,10555751885736126606.wav,MALE,792,14.02351506506476,12.504242070625438
de_de,control,10559065632722111401.wav,MALE,956,16.3341765886984,12.117388199789925
de_de,control,10592252053735102131.wav,MALE,614,15.200793306914823,12.58890245278695
de_de,control,10618529918679729733.wav,MALE,823,11.408313104256962,14.056679980924649
es_419,control,1001146817223348054.wav,MALE,930,14.065669463239903,11.209481717647412
es_419,control,10050510856477907332.wav,MALE,1446,12.68398435144257,11.212823476726516
es_419,control,1008205615316519958.wav,MALE,591,12.962780080646061,11.584475749197216
es_419,control,10084850086754329587.wav,MALE,381,12.783831138891006,12.47405741608888
es_419,control,10107325335956726764.wav,MALE,507,12.444984840699831,12.683410858449857
es_419,control,1013662909103347734.wav,MALE,675,12.752251390288514,11.48480469944385
es_419,control,10149016836336603986.wav,FEMALE,353,7.609119970761746,12.525074264861843
es_419,control,10150624747569080019.wav,FEMALE,557,9.886554655520396,12.469848062518334
es_419,control,10155332265364188477.wav,MALE,731,12.321168205142419,11.734996266267025
es_419,control,10192388533260519980.wav,FEMALE,812,10.63001028832722,11.857774250446012
es_419,control,10206659851013694932.wav,MALE,732,8.828316260886135,12.310224164906206
es_419,control,10234623649795772963.wav,MALE,1044,14.333140591454464,11.109867200679634
es_419,control,10236991702517253859.wav,FEMALE,423,11.786372769225984,12.45308830659766
es_419,control,10259154172012782402.wav,MALE,833,17.716775854497925,11.203018796035405
es_419,control,10286137499198568147.wav,FEMALE,785,9.483207093230078,12.411423613345157
es_419,control,10292824205703786391.wav,MALE,566,12.706522472126636,11.83167400959249
es_419,control,10312331453126623791.wav,MALE,658,12.745475237194855,11.231804168404953
es_419,control,10315904723874737458.wav,MALE,797,13.9645584105359,11.269465076014297
es_419,control,10326364514449199568.wav,FEMALE,1002,9.40982769197672,11.925330401175366
es_419,control,10333693975325005728.wav,MALE,920,11.905912172856947,11.68372386576317
es_419,control,10354312288366679631.wav,FEMALE,1023,9.156283925484386,12.184032255481142
es_419,control,10366594263663833763.wav,MALE,995,12.945205870753355,11.30449055354407
es_419,control,10390556751893819479.wav,MALE,1034,12.94000360331736,11.549347000863637
es_419,control,10392071693484834973.wav,MALE,840,13.280490791692468,11.52955593276344
es_419,control,10449947816395303585.wav,MALE,639,12.731361776653417,11.566974292396704
es_419,control,10482193319000602077.wav,FEMALE,748,13.852900996799672,11.730517372174702
es_419,control,10492774437691150637.wav,MALE,710,12.255051258765405,12.229043253867253
es_419,control,10499606678746249193.wav,FEMALE,1103,8.678318694914203,12.014691303033814
es_419,control,10501369679438238184.wav,FEMALE,332,12.233776767735058,12.678832713583006
es_419,control,10525086999452368592.wav,MALE,580,9.807379798810903,12.153972919652702
es_419,control,1055543750158319893.wav,FEMALE,565,12.845241786761425,11.964706113405683
es_419,control,10562213540190411103.wav,MALE,694,12.453170540945726,11.342071000418674
es_419,control,1058162800014960731.wav,MALE,752,10.502373945829241,11.883868616283342
es_419,control,10586476400664048814.wav,MALE,1152,16.75766190171959,10.961603947078354
es_419,control,10589251314781768344.wav,MALE,379,11.85463959985931,11.763908670569686
es_419,control,10603497797608861663.wav,MALE,660,12.969445719975923,11.351439939646076
es_419,control,10611154169430954564.wav,MALE,893,17.96184726405095,11.071164820488123
es_419,control,10615442135828084492.wav,FEMALE,686,11.416696653788325,12.10104509622822
es_419,control,10619555679176998018.wav,FEMALE,806,14.622222465969891,12.308189753624829
es_419,control,10645069857859347843.wav,MALE,1284,13.89932874507143,11.084441902661414
it_it,control,10000151032537989529.wav,MALE,702,10.867732220667294,12.274351010692211
it_it,control,10011138801715101183.wav,FEMALE,992,9.913985475884239,12.069051993139496
it_it,control,10017896147709177739.wav,FEMALE,848,10.699007652752336,11.833500122549165
it_it,control,10037759924455051213.wav,FEMALE,880,10.721352650067974,11.712241176896793
it_it,control,1006729518827641482.wav,FEMALE,484,12.230355793281142,11.855794701506406
it_it,control,10127750728509182272.wav,FEMALE,486,12.997496498582597,13.094686699487147
it_it,control,10159398106668856572.wav,FEMALE,764,12.745212788568155,12.233093007406877
it_it,control,10163392299961827450.wav,FEMALE,1087,12.39099730173835,12.086263809261844
it_it,control,10166843301601278560.wav,FEMALE,823,12.850512231683183,11.951338543773533
it_it,control,10168148107941542925.wav,FEMALE,633,13.412090662495796,12.277359491089344
it_it,control,10173541521390065753.wav,FEMALE,693,10.731079625931972,11.808531825446464
it_it,control,10210638754804006465.wav,FEMALE,397,11.532998501210612,12.106810443795016
it_it,control,1021451608744266497.wav,FEMALE,1145,10.796852544286537,11.988965092606032
it_it,control,10225734229056439938.wav,FEMALE,1338,10.736890478255713,11.819410811578246
it_it,control,1024005671072986451.wav,FEMALE,925,11.539126519629423,12.43251818225308
it_it,control,10275928643200034491.wav,FEMALE,1339,8.270318411786018,11.947266961151055
it_it,control,10294884782884582016.wav,FEMALE,1363,8.85367514291354,12.020800956247927
it_it,control,10324513969638088871.wav,FEMALE,1420,11.06222209268916,11.686658504644772
it_it,control,10331901392264121024.wav,MALE,1100,10.981829872268165,12.288606140917736
it_it,control,10363722267618555781.wav,FEMALE,516,12.440431479910224,11.875333501058753
it_it,control,1040642958705021773.wav,FEMALE,740,13.33174934154616,12.018964827887197
it_it,control,10421376619578532077.wav,FEMALE,403,13.53227669759345,12.826412790534562
it_it,control,10434945468030652443.wav,FEMALE,950,9.417126235576983,12.299068349847868
it_it,control,10437794928490533393.wav,MALE,865,11.35302653492262,12.125301171689653
it_it,control,10479866160281873942.wav,FEMALE,1112,11.591554039237137,11.732126342924238
it_it,control,10503040099407806416.wav,FEMALE,500,10.86832514463608,12.061207823871424
it_it,control,10529316262657848687.wav,FEMALE,2037,9.422459015225098,11.934784653892125
it_it,control,10536267797820820051.wav,FEMALE,988,9.916103021486641,11.842553437753123
it_it,control,10557144981026796249.wav,FEMALE,934,12.194862417411676,12.50227009299935
it_it,control,10568286449112693066.wav,FEMALE,671,12.97553078795812,12.42779677420992
it_it,control,10571870825120879633.wav,FEMALE,670,13.227560863821356,12.146748843348377
it_it,control,1061754421613910766.wav,FEMALE,990,13.386346095703106,11.73126519228611
it_it,control,10663019413117022741.wav,FEMALE,1107,11.543342494689522,11.698767235304869
it_it,control,10669712606378135112.wav,FEMALE,1020,12.1949629941687,11.820433752808185
it_it,control,10707717394504269796.wav,FEMALE,1401,8.139818045256755,12.150793184991578
it_it,control,10713904656493882072.wav,FEMALE,671,13.769456765289421,11.256354244408408
it_it,control,10724761538669846878.wav,FEMALE,693,11.929597724992412,12.25736048015844
it_it,control,10765581971846086650.wav,FEMALE,2455,13.990679104673688,11.573249107560898
it_it,control,10775229660857585342.wav,FEMALE,715,12.841149698279764,11.849904402699206
it_it,control,10817315806590584870.wav,FEMALE,1792,10.438507566538464,11.97133132109804
pt_br,control,10008174856218516817.wav,MALE,1275,12.907673799267664,11.297407196504901
pt_br,control,10047022047800689031.wav,MALE,868,11.35385608862693,12.279165473229872
pt_br,control,10083615766068544069.wav,MALE,429,9.671206624970047,12.32226767839905
pt_br,control,10103427908302527934.wav,MALE,1028,19.191373044201256,10.687963628634929
pt_br,control,10116774789336634117.wav,MALE,1124,13.486514110489502,11.030745635266888
pt_br,control,10123292114373653004.wav,MALE,897,10.687880755010326,12.162910530111407
pt_br,control,10124265429093233069.wav,MALE,1250,15.633278192305278,10.973148108482008
pt_br,control,101298017130488094.wav,MALE,643,11.761808255225812,11.328466573898751
pt_br,control,10134749222604455839.wav,MALE,1111,12.724935629179397,12.006480510288396
pt_br,control,10181435093488396236.wav,MALE,911,13.057951379826187,11.36530103823099
pt_br,control,10182869931433112315.wav,MALE,793,12.926814211406997,11.631091110661892
pt_br,control,10250542229422804450.wav,MALE,994,13.579677365320686,11.49679829195762
pt_br,control,10330760965710671860.wav,MALE,1066,11.30408168764772,12.296946276514516
pt_br,control,10336892012774138351.wav,MALE,1477,13.68436154951922,11.200901461326355
pt_br,control,10396608688977778715.wav,MALE,1018,12.562855774513787,11.081971217876163
pt_br,control,10447088554932977161.wav,MALE,746,17.503449543629635,11.017824130342497
pt_br,control,10481332407254391001.wav,MALE,936,10.605811850330486,12.201134315199187
pt_br,control,10505166955967423279.wav,MALE,1960,15.894557169214455,10.841238987224962
pt_br,control,10556936069191551163.wav,MALE,415,12.374221575693804,12.05734965965054
pt_br,control,10559649525180085600.wav,MALE,943,12.276295743342141,11.274297644426495
pt_br,control,10563386743453394183.wav,MALE,1108,13.821119530185435,10.95893707064934
pt_br,control,10572113470910404412.wav,MALE,617,14.099043371910838,11.554958588780542
pt_br,control,10574848004314450267.wav,MALE,358,10.553423336780114,12.249845397785784
pt_br,control,10605163429114699143.wav,MALE,598,12.289424658868835,11.672729860182006
pt_br,control,1060610497899453249.wav,MALE,1462,14.496191088934758,11.0918900325766
pt_br,control,10614876579633561143.wav,MALE,584,12.650351544524469,11.578980618442934
pt_br,control,10620885591457919777.wav,MALE,1044,18.653013063520337,10.848840280335743
pt_br,control,10664866445887618820.wav,MALE,608,16.2082063422732,11.283425533788316
pt_br,control,10665671122752108668.wav,MALE,1610,15.716480495262752,10.931117986623715
pt_br,control,10672101029485753340.wav,MALE,1427,11.87698785788869,11.352734738309511
pt_br,control,10682118876457325678.wav,MALE,1039,12.487625037464703,11.506574371039811
pt_br,control,10694746730400256309.wav,MALE,552,16.046429316000925,11.497310265635239
pt_br,control,10702231804632481804.wav,MALE,529,13.671501301642554,11.922986897068327
pt_br,control,10711343743036169918.wav,MALE,705,13.619559290556916,11.408090696262716
pt_br,control,10719125899539802314.wav,MALE,316,8.713401755375674,12.107225076758375
pt_br,control,10720216293647355491.wav,MALE,1057,11.786409786858082,12.042993437311253
pt_br,control,10730300140409216488.wav,MALE,736,15.05735850663576,11.574789282363518
pt_br,control,10744775148737975569.wav,MALE,1253,14.888588788520744,11.328392127730066
pt_br,control,10745746082293207884.wav,MALE,993,11.60148217894875,12.104197742726177
pt_br,control,10760296234631226350.wav,MALE,1005,15.833807241725339,11.001458893036995
pl_pl,control,10003602174340488201.wav,MALE,238,9.213803811680776,12.746098442024847
pl_pl,control,10013271501230525766.wav,MALE,628,12.442633727892536,11.255508214558178
pl_pl,control,10047713455444904767.wav,FEMALE,367,23.515215531339802,11.875106345770014
pl_pl,control,1005842427933298975.wav,FEMALE,489,23.732586842342748,11.792765204952023
pl_pl,control,10106656566031527912.wav,FEMALE,441,29.577188208202003,11.603880275524713
pl_pl,control,10111380715278909641.wav,MALE,1021,13.995765014510596,11.8757931954056
pl_pl,control,10121623061191828121.wav,FEMALE,511,20.684445030045467,11.395707822197206
pl_pl,control,10128140258686156236.wav,MALE,525,12.843452165203082,11.407303988298402
pl_pl,control,10166331184477401711.wav,FEMALE,609,28.49296130183698,11.481302041038159
pl_pl,control,10221011798711138812.wav,MALE,650,10.949185857230118,11.204770067509061
pl_pl,control,10253277489236542287.wav,MALE,95,6.841939626492568,13.59185078438189
pl_pl,control,10265739980183288112.wav,MALE,451,15.543380123040414,11.649678533070919
pl_pl,control,10272446192914218891.wav,MALE,638,11.551370969344077,12.566719527097291
pl_pl,control,10290881139322280989.wav,MALE,113,7.330141807504008,14.441829117420946
pl_pl,control,10367448033604855133.wav,FEMALE,370,26.016288687367265,11.73099807860869
pl_pl,control,10375486148133876372.wav,FEMALE,413,23.032478139071664,11.66350396938196
pl_pl,control,10382354866123125555.wav,MALE,347,12.17209573276681,11.564691798733577
pl_pl,control,10386602351902756285.wav,MALE,161,10.067211311104217,13.252424125518045
pl_pl,control,10430896770348053746.wav,MALE,106,11.640315830538462,13.507826340079895
pl_pl,control,10458072668248812165.wav,MALE,93,13.274839148825553,13.486363941233371
pl_pl,control,10469666877435921028.wav,MALE,339,13.741176095490678,11.563931117033698
pl_pl,control,10489056500256181197.wav,MALE,93,10.025735758822709,14.111069550836858
pl_pl,control,10492639571794818767.wav,MALE,195,8.251722812227587,12.838317980263156
pl_pl,control,1051082951598981155.wav,MALE,710,13.231486999970027,11.552002864284777
pl_pl,control,10527988966235886370.wav,FEMALE,683,20.266340849788563,11.743271463796123
pl_pl,control,10576383990343187177.wav,MALE,396,17.198662572139792,11.927977581254002
pl_pl,control,10577070186203717497.wav,MALE,692,14.761289584154982,11.57247922109735
pl_pl,control,10638759602703488971.wav,MALE,169,9.85975200198482,13.583200133696153
pl_pl,control,10664388940400967697.wav,MALE,243,10.510948728014672,12.822983505264151
pl_pl,control,10670649420264352039.wav,MALE,273,10.223512716026056,13.35405898337321
pl_pl,control,10675572356349146003.wav,MALE,297,11.421765796640535,12.241152400585833
pl_pl,control,10700476467781615427.wav,MALE,334,16.430951855508205,11.684509694631043
pl_pl,control,10719922029875612127.wav,MALE,711,15.043170969028148,11.651633518595638
pl_pl,control,107354460426921830.wav,FEMALE,629,27.9699987886401,11.560205793963128
pl_pl,control,10762287485636731943.wav,MALE,659,13.080486565491377,11.809057784807957
pl_pl,control,10766236385869073521.wav,MALE,700,13.562863292472747,11.748125764301566
pl_pl,control,10803356955291499826.wav,FEMALE,627,22.27782882564422,11.739101831429151
pl_pl,control,10820230583748297060.wav,MALE,538,18.816237010876293,11.304685381544994
pl_pl,control,10857238094991997625.wav,FEMALE,797,25.601673934825296,11.434923062918994
pl_pl,control,10889476031884833269.wav,MALE,372,14.297290894079339,11.492974433291915
nl_nl,control,10042455874761876908.wav,MALE,194,12.717369202837181,12.861163564087306
nl_nl,control,1004717084892689357.wav,MALE,33,21.518153031935505,13.278156768944513
nl_nl,control,10152288169439514825.wav,MALE,115,11.745400085236511,12.811044457469915
nl_nl,control,1026022596464059538.wav,MALE,23,25.151388334497764,13.626555480188216
nl_nl,control,10260784725589620600.wav,MALE,0,nan,13.665911741751422
nl_nl,control,10361960096461262383.wav,MALE,642,17.288972968631867,15.233270291427996
nl_nl,control,10434531962106328123.wav,MALE,828,18.462131335658306,12.828282360917163
nl_nl,control,1045860544116468662.wav,MALE,51,11.442329976665922,13.140414003067708
nl_nl,control,10496387467912730230.wav,MALE,120,13.391057685506492,13.399462026296007
nl_nl,control,10542528491918739981.wav,MALE,196,14.096484114823262,13.154921573370544
nl_nl,control,10583244184799490474.wav,MALE,776,14.086224881205336,13.975509085872336
nl_nl,control,10609614574341295486.wav,MALE,37,13.712306234021899,13.33711992535144
nl_nl,control,10704092226988509877.wav,MALE,0,nan,14.16660557622843
nl_nl,control,10714560278124907390.wav,MALE,35,8.04745828950472,13.036817199865453
nl_nl,control,10766895672322781807.wav,MALE,32,13.67188274712425,13.42469732154429
nl_nl,control,10811754204846869974.wav,MALE,42,16.62172863630158,13.338360718456764
nl_nl,control,10828791272316886553.wav,MALE,1566,15.706836050230905,12.32869886033597
nl_nl,control,10835134312111561932.wav,MALE,156,14.01019437664717,12.627217248821559
nl_nl,control,10875684499820620842.wav,MALE,21,44.271269154901354,13.73820133408383
nl_nl,control,10880934543743608188.wav,MALE,32,14.64317477685062,13.416243622314578
nl_nl,control,10930858424682374979.wav,MALE,124,16.445022251856457,13.261245730538471
nl_nl,control,10950234578707540002.wav,MALE,76,13.578165814987848,13.701319061907725
nl_nl,control,10993291004356673523.wav,MALE,139,11.969138850326997,13.827116592134299
nl_nl,control,10999321545906420250.wav,MALE,698,15.469577637468493,13.320645947196212
nl_nl,control,11071227874224189676.wav,MALE,52,22.856315617003418,13.448224448789315
nl_nl,control,11094865500530984042.wav,MALE,107,14.360959685951482,13.040355249102339
nl_nl,control,11116826150776045056.wav,MALE,8,22.288997772398567,13.9395521483627
nl_nl,control,11117704854903142151.wav,MALE,111,17.896304863049913,12.738337709890075
nl_nl,control,11183719307370607096.wav,MALE,1051,19.69476608554304,12.75048697062434
nl_nl,control,11246852713505131235.wav,MALE,245,11.728993508941562,12.683944068382251
nl_nl,control,11294514903104288467.wav,MALE,0,nan,14.210435450447727
nl_nl,control,11375166682540927742.wav,MALE,17,6.88372963169947,13.644315045334796
nl_nl,control,11377676137008976087.wav,MALE,37,19.715687759720176,13.742615035521654
nl_nl,control,113988311766065884.wav,MALE,58,9.651695020950465,13.444177087396227
nl_nl,control,11398947130799676754.wav,MALE,50,26.12686170462826,13.150698527353784
nl_nl,control,1141720012630442125.wav,MALE,88,12.213728755076694,13.298810354915876
nl_nl,control,1154004054091685514.wav,MALE,340,11.929285774943278,13.736863613416212
nl_nl,control,11550638276781058680.wav,MALE,8,29.878282521358543,14.550191060615179
nl_nl,control,11550797089453761530.wav,MALE,76,10.631993982323792,12.870035558497694
nl_nl,control,11598319698940044291.wav,MALE,191,13.930572726698504,12.726262962552333
cs_cz,control,10008901044567586183.wav,MALE,1249,14.746489421908134,10.377437994145394
cs_cz,control,1002073590577418943.wav,MALE,832,11.380282853134533,13.35412898989843
cs_cz,control,10052415980208464164.wav,MALE,699,19.87625045804194,10.055637441680812
cs_cz,control,10052420421979224027.wav,MALE,339,15.579267523801404,14.225573353085252
cs_cz,control,10054700432466994319.wav,MALE,801,14.295682236447643,11.827080370082022
cs_cz,control,10153555532427856084.wav,MALE,404,11.635245808506935,11.809228353583375
cs_cz,control,10221097231757001300.wav,MALE,509,12.111935443705848,11.567997513233125
cs_cz,control,10221738222866324528.wav,MALE,1895,14.182050116584124,12.300355299257713
cs_cz,control,10228936525227633964.wav,MALE,639,14.500069213586384,12.91427106400137
cs_cz,control,10265457115990942682.wav,MALE,749,17.76236865739586,10.457549104775461
cs_cz,control,10281706950905429853.wav,MALE,530,15.454889935612023,12.752416131552664
cs_cz,control,10319190415986374457.wav,MALE,561,18.40677159355008,13.224930031871713
cs_cz,control,10353510169897203356.wav,MALE,535,15.911634230319796,13.04001328316891
cs_cz,control,10396840939149990214.wav,MALE,875,13.11742664798822,12.73470553163771
cs_cz,control,10424601897639740167.wav,MALE,557,14.516563245611646,11.727107945853122
cs_cz,control,10449063628095097600.wav,MALE,887,15.202895089822489,11.475181293941336
cs_cz,control,10456869065098740617.wav,MALE,493,18.49521640867849,11.283794312187283
cs_cz,control,1046454661037945424.wav,MALE,528,14.921826278877738,11.356211934965483
cs_cz,control,10483800940820729736.wav,MALE,1088,16.412884648938196,12.499153549044077
cs_cz,control,10536307417697686214.wav,MALE,860,11.051026397800712,11.460347118219893
cs_cz,control,10541617516173790866.wav,MALE,556,19.149886890203824,11.396781683692137
cs_cz,control,10564659778668780259.wav,MALE,920,16.649027302362022,12.60018524364414
cs_cz,control,10611368826341130240.wav,MALE,1086,13.723184961824298,11.54215780292255
cs_cz,control,10619093676843568367.wav,MALE,851,13.847303403922083,12.37536722607182
cs_cz,control,10681429783823013113.wav,MALE,437,16.071993251388385,11.942204429289177
cs_cz,control,10711023240788463910.wav,MALE,1306,15.506517577525226,12.305038305924072
cs_cz,control,10741576046498961226.wav,MALE,563,17.354407998890995,12.40908276151087
cs_cz,control,10802181859566262242.wav,MALE,712,16.810307069979686,13.436165903428824
cs_cz,control,10803083342773412393.wav,MALE,591,10.736096533264043,11.808988861853887
cs_cz,control,10810476608347483092.wav,MALE,1425,15.681580927115112,10.332568405272024
cs_cz,control,10850056022949444201.wav,MALE,364,16.959216227959605,12.30777497540994
cs_cz,control,10853021726926072406.wav,MALE,323,16.46371876714609,15.597877076305712
cs_cz,control,10868109540532903247.wav,MALE,633,15.218506829957583,13.108700143520753
cs_cz,control,10868387258227383814.wav,MALE,911,16.363437496530285,12.755585054416127
cs_cz,control,10868829303327985997.wav,MALE,1016,14.31172715951275,12.596675993883025
cs_cz,control,1086970645464239148.wav,MALE,1722,11.22373555083798,11.315363623136435
cs_cz,control,10881072138919672622.wav,MALE,901,16.774517026673173,12.66069719037575
cs_cz,control,1091883522718107402.wav,MALE,1416,10.941961935724276,11.365700912935793
cs_cz,control,10920699790926699284.wav,MALE,363,14.498566421901197,15.666094280720202
cs_cz,control,10963496878510381393.wav,MALE,662,16.079696966570594,11.773544663252046
ar_eg,exploratory,10019390257075855641.wav,FEMALE,651,14.877154783878073,11.172584204671232
ar_eg,exploratory,10035416633083120372.wav,FEMALE,1184,14.39988049008728,11.164607792075959
ar_eg,exploratory,10080665469720750912.wav,FEMALE,1104,13.559713432445273,11.524917098110402
ar_eg,exploratory,1021284281927612037.wav,FEMALE,839,16.54827956881731,11.186134906422392
ar_eg,exploratory,10219273669592698682.wav,FEMALE,589,16.63839177899076,11.71567342098513
ar_eg,exploratory,10223562251993082117.wav,FEMALE,931,19.406766252748717,11.133762171871156
ar_eg,exploratory,10340788584398631536.wav,FEMALE,812,17.273572906189983,11.540687821996764
ar_eg,exploratory,1035166469684084794.wav,FEMALE,2042,15.126278234232661,10.989157171552751
ar_eg,exploratory,10361044285640817256.wav,FEMALE,244,21.543935074790994,12.008016132728024
ar_eg,exploratory,10366294495925707527.wav,FEMALE,880,14.046117436279179,11.293534401683946
ar_eg,exploratory,10372562911047932559.wav,FEMALE,1018,15.41565520041703,11.358360020350368
ar_eg,exploratory,10394942145902478734.wav,FEMALE,848,13.887705244455319,12.065682446066273
ar_eg,exploratory,10427622000895658817.wav,FEMALE,1009,13.394781245244372,11.180135820198236
ar_eg,exploratory,10459237854135592487.wav,FEMALE,446,15.655659650178269,11.396693023868142
ar_eg,exploratory,10482686991657251883.wav,FEMALE,824,14.536344971055907,11.303298143002081
ar_eg,exploratory,10577380305752320533.wav,FEMALE,1381,13.094403196111093,11.61263824600599
ar_eg,exploratory,10596565837933488636.wav,FEMALE,655,19.52238892796848,11.55126247712058
ar_eg,exploratory,10634940561331464457.wav,FEMALE,492,10.402120723043442,12.294264955849155
ar_eg,exploratory,10726395627256131145.wav,FEMALE,553,13.370935281824083,11.566241318946185
ar_eg,exploratory,10863341459609935739.wav,FEMALE,500,15.29127006929526,11.570081904490289
ar_eg,exploratory,10893642191705398473.wav,FEMALE,744,13.922422567818664,11.269103497280074
ar_eg,exploratory,10931408018112302309.wav,FEMALE,735,13.522277525069697,11.750348364797071
ar_eg,exploratory,11139143967292231503.wav,FEMALE,857,14.97774114458045,11.57618447096827
ar_eg,exploratory,11186992850652335587.wav,FEMALE,336,17.382902688685327,11.810078200153184
ar_eg,exploratory,11187297241957533844.wav,FEMALE,765,18.03613247687904,11.38367822128679
ar_eg,exploratory,11227987955646784069.wav,FEMALE,514,16.16578194176366,11.888213712288213
ar_eg,exploratory,11293056949208622156.wav,FEMALE,1097,17.30865229652607,11.152559873500191
ar_eg,exploratory,11349671828505425884.wav,FEMALE,662,13.18411093960882,12.028423675782875
ar_eg,exploratory,11364966518482896810.wav,FEMALE,563,14.314750741510379,11.350760021462834
ar_eg,exploratory,1145014263517642240.wav,FEMALE,593,17.913518722002713,11.388349162445559
ar_eg,exploratory,11450204748158344817.wav,FEMALE,528,14.995495044353923,11.995367834450633
ar_eg,exploratory,11460421918228550736.wav,FEMALE,781,10.256394580684972,11.410123227698286
ar_eg,exploratory,11462550791476817532.wav,FEMALE,535,12.006471361826993,11.916019211726606
ar_eg,exploratory,11564955592977578751.wav,FEMALE,359,11.688346332366677,13.33605245479726
ar_eg,exploratory,11625337030588821210.wav,FEMALE,1196,17.060880664155768,11.450624190042646
ar_eg,exploratory,11635121783716683505.wav,FEMALE,799,19.257973774096,11.110337474302193
ar_eg,exploratory,11649331699647926628.wav,FEMALE,647,11.773689430923728,12.405717561655333
ar_eg,exploratory,11661128804632002309.wav,FEMALE,490,14.757582717047379,11.742863414506687
ar_eg,exploratory,11707472638508941092.wav,FEMALE,1216,12.958843024799897,11.435867820082738
ar_eg,exploratory,11777717259559450225.wav,FEMALE,491,18.73943321628677,11.449477756794032
