codec,rate_label,sample_rate,seed,theta_cents,f1_nominal,f2_nominal,reference_label,rep,f1_hat_coded,f2_hat_coded,f1_hat_uncoded,f2_hat_uncoded,f1_crosscheck_coded,f2_crosscheck_coded,disagreement_f1_cents,disagreement_f2_cents,octave_flag,interval_coded_cents,interval_uncoded_cents,residual_coded_cents,residual_uncoded_cents,abs_residual_f2_coded_cents,abs_residual_f2_uncoded_cents
identity,uncoded,24000,20260826,0.0,440.0,440.0,440Hz_ongrid,0,439.99999890643517,439.99999892034435,439.99999890643517,439.9999989203443,439.99999890643517,439.99999892034435,0.0,0.0,0,5.472746652736919e-08,5.472708211618874e-08,5.472746652736919e-08,5.472708211618874e-08,-4.24803781602906e-06,-4.248038008234651e-06
identity,uncoded,24000,20260826,0.0,440.0,440.0,440Hz_ongrid,1,439.999998908179,439.99999891358925,439.99999890817907,439.99999891358925,439.999998908179,439.99999891358925,0.0,0.0,0,2.1287153528899714e-08,2.1287153528899714e-08,2.1287153528899714e-08,2.1287153528899714e-08,-4.274616581728104e-06,-4.274616581728104e-06
identity,uncoded,24000,20260826,0.0,452.8929,452.8929,452.9Hz_+50c,0,452.89290104710545,452.8929010389427,452.8929010465134,452.8929010391853,452.89290104710545,452.8929010389427,0.0,0.0,0,-3.1203039929220475e-08,-2.8012427131366254e-08,-3.1203039929220475e-08,-2.8012427131366254e-08,3.971475296743047e-06,3.972402496508183e-06
identity,uncoded,24000,20260826,0.0,452.8929,452.8929,452.9Hz_+50c,1,452.89290104155464,452.8929010401688,452.8929010416567,452.8929010401568,452.89290104155464,452.8929010401688,0.0,0.0,0,-5.297570477896911e-09,-5.733684962127663e-09,-5.297570477896911e-09,-5.733684962127663e-09,3.9761620378444296e-06,3.9761162929140605e-06
identity,uncoded,24000,20260826,50.0,440.0,452.8929841231365,440Hz_ongrid,0,439.9999989194953,452.8929851687616,439.9999989194952,452.89298516896656,439.9999989194953,452.8929851687616,0.0,0.0,0,50.00000824839737,50.0000082491809,8.248397371346528e-06,8.249180901032105e-06,3.997018650803321e-06,3.997802465198464e-06
identity,uncoded,24000,20260826,50.0,440.0,452.8929841231365,440Hz_ongrid,1,439.9999989172445,452.89298517650883,439.99999891724445,452.8929851764366,439.9999989172445,452.89298517650883,0.0,0.0,0,50.0000082868679,50.00000828659191,8.28686790299571e-06,8.286591906880858e-06,4.026633303665982e-06,4.026357296439055e-06
identity,uncoded,24000,20260826,50.0,452.8929,466.1636749299574,452.9Hz_+50c,0,452.8929010474305,466.1636730129318,452.89290104729764,466.16367301296106,452.8929010474305,466.1636730129318,0.0,0.0,0,49.99998887664844,49.99998887726504,-1.1123351562503103e-05,-1.1122734960622438e-05,-7.119430773863751e-06,-7.119321985499234e-06
identity,uncoded,24000,20260826,50.0,452.8929,466.1636749299574,452.9Hz_+50c,1,452.8929010387678,466.16367300624677,452.89290103877096,466.1636730064667,452.8929010387678,466.16367300624677,0.0,0.0,0,49.99998888493606,49.99998888574051,-1.1115063941247172e-05,-1.1114259493183454e-05,-7.14425739343912e-06,-7.143440711882868e-06
identity,uncoded,24000,20260826,100.0,440.0,466.1637615180899,440Hz_ongrid,0,439.99999891380725,466.16375959068415,439.9999989138072,466.1637595907954,439.99999891380725,466.16375959068415,0.0,0.0,0,99.99999711577954,99.99999711619317,-2.8842204642387514e-06,-2.883806828890556e-06,-7.15797914278783e-06,-7.157566092972721e-06
identity,uncoded,24000,20260826,100.0,440.0,466.1637615180899,440Hz_ongrid,1,439.9999989165795,466.16375959641846,439.9999989165796,466.16375959638805,439.9999989165795,466.16375959641846,0.0,0.0,0,99.99999712616788,99.99999712605468,-2.873832116279118e-06,-2.8739453199477794e-06,-7.13668314771373e-06,-7.13679616460125e-06
identity,uncoded,24000,20260826,100.0,452.8929,479.8233132473549,452.9Hz_+50c,0,452.89290104220885,479.82331379734956,452.89290104225273,479.8233137972974,452.89290104220885,479.82331379734956,0.0,0.0,0,99.9999980004564,99.99999800010045,-1.999543599140452e-06,-1.9998995526293584e-06,1.9844166204902226e-06,1.984228643423194e-06
identity,uncoded,24000,20260826,100.0,452.8929,479.8233132473549,452.9Hz_+50c,1,452.8929010371498,479.8233137830092,452.89290103715007,479.8233137830296,452.8929010371498,479.8233137830092,0.0,0.0,0,99.99999796805443,99.99999796812699,-2.031945570024618e-06,-2.0318730094004422e-06,1.932676028892679e-06,1.9327494514280647e-06
identity,uncoded,24000,20260826,150.0,440.0,479.82340237271336,440Hz_ongrid,0,439.9999989129592,479.82340292172375,439.9999989129592,479.8234029219218,439.9999989129592,479.82340292172375,0.0,0.0,0,150.00000625796065,150.00000625867517,6.257960649236338e-06,6.2586751710114186e-06,1.98086504559804e-06,1.9815796659816934e-06
identity,uncoded,24000,20260826,150.0,440.0,479.82340237271336,440Hz_ongrid,1,439.99999891620257,479.8234029075686,439.9999989162026,479.82340290738705,439.99999891620257,479.8234029075686,0.0,0.0,0,150.00000619412666,150.00000619347134,6.1941266551457375e-06,6.193471335791401e-06,1.929792560631282e-06,1.929137523980512e-06
identity,uncoded,24000,20260826,150.0,452.8929,493.88320951919326,452.9Hz_+50c,0,452.89290104058483,493.88321087074775,452.8929010403328,493.8832108708951,452.89290104058483,493.88321087074775,0.0,0.0,0,150.0000007599204,150.0000007614002,7.599203968311485e-07,7.61400201554352e-07,4.7376728961912434e-06,4.738189544816365e-06
identity,uncoded,24000,20260826,150.0,452.8929,493.88320951919326,452.9Hz_+50c,1,452.89290104853427,493.8832108673503,452.89290104809555,493.8832108676206,452.89290104853427,493.8832108673503,0.0,0.0,0,150.0000007176235,150.00000072024824,7.176234930739156e-07,7.202482379398134e-07,4.725763837853211e-06,4.726711411410453e-06
identity,uncoded,24000,20260826,200.0,440.0,493.8833012561241,440Hz_ongrid,0,439.99999892073276,493.88330260886136,439.9999989207328,493.88330260883725,439.99999892073276,493.88330260886136,0.0,0.0,0,200.00000898832775,200.0000089882428,8.988327749648306e-06,8.988242797158819e-06,4.741818001938771e-06,4.741733431479303e-06
identity,uncoded,24000,20260826,200.0,440.0,493.8833012561241,440Hz_ongrid,1,439.99999890821965,493.8833026174158,439.99999890821977,493.8833026173969,439.99999890821965,493.8833026174158,0.0,0.0,0,200.00000906754823,200.00000906748178,9.067548234042988e-06,9.06748178408634e-06,4.77180438039917e-06,4.771738261676314e-06
identity,uncoded,24000,20260826,200.0,452.8929,508.355092198772,452.9Hz_+50c,0,452.8929010443307,508.3550936175297,452.89290104441415,508.3550936173518,452.8929010443307,508.3550936175297,0.0,0.0,0,200.0000008395934,200.00000083866877,8.395934116833814e-07,8.386687682104821e-07,4.831665273665208e-06,4.831059441646497e-06
identity,uncoded,24000,20260826,200.0,452.8929,508.355092198772,452.9Hz_+50c,1,452.89290104496297,508.3550936124269,452.8929010450281,508.3550936123789,452.89290104496297,508.3550936124269,0.0,0.0,0,200.0000008197989,200.00000081938626,8.197989131986105e-07,8.193862583993905e-07,4.814287197478666e-06,4.814123822727425e-06
identity,uncoded,24000,20260826,250.0,440.0,508.3551866238001,440Hz_ongrid,0,439.9999989156822,508.35518804794776,439.99999891568217,508.35518804830286,439.9999989156822,508.35518804794776,0.0,0.0,0,250.00000911640146,250.0000091176112,9.116401457731627e-06,9.117611199371822e-06,4.850020138658383e-06,4.851229496228715e-06
identity,uncoded,24000,20260826,250.0,440.0,508.3551866238001,440Hz_ongrid,1,439.9999989191839,508.3551880341219,439.9999989191839,508.3551880341109,439.9999989191839,508.3551880341219,0.0,0.0,0,250.00000905553892,250.0000090555017,9.055538924940265e-06,9.055501692500911e-06,4.8029355353512765e-06,4.802897863055696e-06
identity,uncoded,24000,20260826,250.0,452.8929,523.2510334093046,452.9Hz_+50c,0,452.89290104200603,523.2510323277331,452.8929010419486,523.2510323273458,452.89290104200603,523.2510323277331,0.0,0.0,0,249.99999243831536,249.99999243725333,-7.561684640222666e-06,-7.5627466742389515e-06,-3.578499059027205e-06,-3.5797804936999104e-06
identity,uncoded,24000,20260826,250.0,452.8929,523.2510334093046,452.9Hz_+50c,1,452.892901048572,523.2510323289652,452.8929010487058,523.2510323293732,452.892901048572,523.2510323289652,0.0,0.0,0,249.99999241729267,249.99999241813114,-7.5827073260370526e-06,-7.581868857187146e-06,-3.5744227628612095e-06,-3.5730727107926547e-06
identity,uncoded,24000,20260826,300.0,440.0,523.2511306011972,440Hz_ongrid,0,439.9999989188603,523.2511295188822,439.99999891886023,523.2511295189415,439.9999989188603,523.2511295188822,0.0,0.0,0,300.0000006729182,300.0000006731147,6.729181905029691e-07,6.731146982019709e-07,-3.5809587139704496e-06,-3.58076227985683e-06
identity,uncoded,24000,20260826,300.0,440.0,523.2511306011972,440Hz_ongrid,1,439.9999989122728,523.2511295237755,439.9999989122729,523.2511295238979,439.9999989122728,523.2511295237755,0.0,0.0,0,300.0000007150276,300.0000007154323,7.150276246647991e-07,7.154322929636692e-07,-3.5647686604552874e-06,-3.56436349107025e-06
identity,uncoded,24000,20260826,300.0,452.8929,538.5834590142158,452.9Hz_+50c,0,452.8929010497707,538.5834599885893,452.8929010497966,538.5834599887615,452.8929010497707,538.5834599885893,0.0,0.0,0,299.99999911917996,299.99999911963477,-8.808200391285936e-07,-8.803652349342883e-07,3.1320465983902155e-06,3.1326005349002528e-06
identity,uncoded,24000,20260826,300.0,452.8929,538.5834590142158,452.9Hz_+50c,1,452.89290105235403,538.5834599878432,452.8929010522669,538.5834599881534,452.89290105235403,538.5834599878432,0.0,0.0,0,299.99999910690644,299.999999108237,-8.930935564421816e-07,-8.917630225369066e-07,3.1296482570396764e-06,3.1306458040511606e-06
identity,uncoded,24000,20260826,350.0,440.0,538.5835590540484,440Hz_ongrid,0,439.999998919725,538.5835600339306,439.99999891972504,538.5835600339439,439.999998919725,538.5835600339306,0.0,0.0,0,350.0000074002282,350.00000740027093,7.400228184906155e-06,7.400270931157138e-06,3.1497533461523375e-06,3.1497964002044703e-06
identity,uncoded,24000,20260826,350.0,440.0,538.5835590540484,440Hz_ongrid,1,439.9999989100407,538.5835600288615,439.9999989100407,538.5835600288677,439.9999989100407,538.5835600288615,0.0,0.0,0,350.0000074220382,350.00000742205833,7.422038208915183e-06,7.422058331485459e-06,3.1334593094758413e-06,3.1334792988571887e-06
identity,uncoded,24000,20260826,350.0,452.8929,554.3651589825209,452.9Hz_+50c,0,452.8929010434652,554.3651580819801,452.8929010434381,554.36515808233,452.8929010434652,554.3651580819801,0.0,0.0,0,349.9999931989266,349.99999320012284,-6.801073425322102e-06,-6.799877155572176e-06,-2.8123104899003477e-06,-2.8112178011181217e-06
identity,uncoded,24000,20260826,350.0,452.8929,554.3651589825209,452.9Hz_+50c,1,452.89290103788414,554.3651580849381,452.89290103778274,554.3651580848367,452.89290103788414,554.3651580849381,0.0,0.0,0,349.99999322949856,349.9999932295692,-6.770501443043031e-06,-6.770430786673387e-06,-2.8030728970133752e-06,-2.8033896518265855e-06
identity,uncoded,24000,20260826,400.0,440.0,554.3652619537442,440Hz_ongrid,0,439.99999891521134,554.3652610401698,439.99999891521117,554.3652610403233,439.99999891521134,554.3652610401698,0.0,0.0,0,400.00000141522156,400.00000141570155,1.4152215612739383e-06,1.415701547102799e-06,-2.8530125223705866e-06,-2.8525331616277655e-06
identity,uncoded,24000,20260826,400.0,440.0,554.3652619537442,440Hz_ongrid,1,439.99999890522645,554.3652610426965,439.99999890522633,554.3652610427331,439.99999890522645,554.3652610426965,0.0,0.0,0,400.0000014623991,400.0000014625138,1.462399097817979e-06,1.4625138078372402e-06,-2.845121906261934e-06,-2.84500754393556e-06
identity,uncoded,24000,20260826,400.0,452.8929,570.6092980579338,452.9Hz_+50c,0,452.89290105290405,570.6092995086162,452.8929010529952,570.6092995083737,452.89290105290405,570.6092995086162,0.0,0.0,0,400.00000037654,400.00000037545595,3.7654001516784774e-07,3.7545595432675327e-07,4.401384614657863e-06,4.400648851660338e-06
identity,uncoded,24000,20260826,400.0,452.8929,570.6092980579338,452.9Hz_+50c,1,452.89290103707805,570.6092995081807,452.8929010368456,570.6092995080875,452.89290103707805,570.6092995081807,0.0,0.0,0,400.0000004357153,400.00000043632093,4.357153216005827e-07,4.3632093138512573e-07,4.4000630090228085e-06,4.399780082394711e-06
identity,uncoded,24000,20260826,450.0,440.0,570.6094040464443,440Hz_ongrid,0,439.9999989040565,570.609405496365,439.99999890405655,570.6094054964451,439.9999989040565,570.609405496365,0.0,0.0,0,450.00000871119676,450.0000087114396,8.711196755939454e-06,8.711439591024828e-06,4.3990723814132865e-06,4.399315329278718e-06
identity,uncoded,24000,20260826,450.0,440.0,570.6094040464443,440Hz_ongrid,1,439.99999891325257,570.6094054952557,439.9999989132526,570.6094054948999,439.99999891325257,570.6094054952557,0.0,0.0,0,450.0000086716483,450.0000086705684,8.67164828832756e-06,8.670568377056043e-06,4.395706861536927e-06,4.394627050533762e-06
identity,uncoded,24000,20260826,450.0,452.8929,587.3294267406043,452.9Hz_+50c,0,452.8929010493306,587.3294256966622,452.8929010490555,587.3294256965584,452.8929010493306,587.3294256966622,0.0,0.0,0,449.99999291165324,449.99999291239874,-7.088346762884612e-06,-7.0876012614462525e-06,-3.077162682079426e-06,-3.077468481174024e-06
identity,uncoded,24000,20260826,450.0,452.8929,587.3294267406043,452.9Hz_+50c,1,452.89290104054436,587.3294257050276,452.8929010408941,587.3294257052125,452.89290104054436,587.3294257050276,0.0,0.0,0,449.9999929698977,449.99999296910596,-7.030102324279142e-06,-7.030894039417035e-06,-3.052504434659718e-06,-3.0519591473992772e-06
identity,uncoded,24000,20260826,500.0,440.0,587.3295358348151,440Hz_ongrid,0,439.99999891302434,587.3295347926637,439.99999891302434,587.3295347926128,439.99999891302434,587.3295347926637,0.0,0.0,0,500.0000012049557,500.00000120480536,1.2049557085447304e-06,1.2048053577018436e-06,-3.0718837555344145e-06,-3.07203386810065e-06
identity,uncoded,24000,20260826,500.0,440.0,587.3295358348151,440Hz_ongrid,1,439.9999989175356,587.3295347951437,439.9999989175356,587.329534795146,439.9999989175356,587.3295347951437,0.0,0.0,0,500.00000119451545,500.0000011945221,1.1945154483328224e-06,1.1945220990128291e-06,-3.064573792513874e-06,-3.064567065318204e-06
identity,uncoded,24000,20260826,500.0,452.8929,604.5394925906439,452.9Hz_+50c,0,452.8929010390028,604.5394915345007,452.892901039149,604.539491534799,452.8929010390028,604.5394915345007,0.0,0.0,0,499.9999930037923,499.99999300408786,-6.9962076736374e-06,-6.995912144702743e-06,-3.024502386581304e-06,-3.0236480327312443e-06
identity,uncoded,24000,20260826,500.0,452.8929,604.5394925906439,452.9Hz_+50c,1,452.8929010453462,604.5394915371728,452.8929010453578,604.5394915374803,452.8929010453462,604.5394915371728,0.0,0.0,0,499.99999298719615,499.9999929880328,-7.012803848738258e-06,-7.011967227299465e-06,-3.016850105404169e-06,-3.0159696115937968e-06
identity,uncoded,24000,20260826,550.0,440.0,604.5396048815592,440Hz_ongrid,0,439.9999989102189,604.539603829115,439.9999989102189,604.5396038289733,439.9999989102189,604.539603829115,0.0,0.0,0,550.0000012739688,550.000001273563,1.2739687917928677e-06,1.2735630434690393e-06,-3.0139087832517736e-06,-3.0143143370478623e-06
identity,uncoded,24000,20260826,550.0,440.0,604.5396048815592,440Hz_ongrid,1,439.99999890849165,604.5396038232117,439.99999890849165,604.5396038231216,439.99999890849165,604.5396038232117,0.0,0.0,0,550.0000012638593,550.0000012636017,1.2638593034353107e-06,1.2636016890610335e-06,-3.0308142259698693e-06,-3.0310719736668173e-06
identity,uncoded,24000,20260826,550.0,452.8929,622.2538518628716,452.9Hz_+50c,0,452.8929010414266,622.2538529538938,452.8929010414164,622.2538529542269,452.8929010414266,622.2538529538938,0.0,0.0,0,549.9999990544705,549.9999990554363,-9.455294502913603e-07,-9.445636806049151e-07,3.035440993623807e-06,3.0363678089782654e-06
identity,uncoded,24000,20260826,550.0,452.8929,622.2538518628716,452.9Hz_+50c,1,452.8929010383758,622.253852952041,452.89290103818513,622.2538529525034,452.8929010383758,622.253852952041,0.0,0.0,0,549.999999060978,549.9999990629931,-9.39022015700175e-07,-9.370069165015593e-07,3.0302860397028983e-06,3.031572663921638e-06
identity,uncoded,24000,20260826,600.0,440.0,622.2539674441618,440Hz_ongrid,0,439.9999989151237,622.2539685364931,439.99999891512374,622.2539685365792,439.9999989151237,622.2539685364931,0.0,0.0,0,600.0000073076616,600.0000073079011,7.307661576305691e-06,7.30790111447277e-06,3.039082136318715e-06,3.0393220088948993e-06
identity,uncoded,24000,20260826,600.0,440.0,622.2539674441618,440Hz_ongrid,1,439.9999989165667,622.2539685362208,439.99999891656654,622.2539685363644,439.9999989165667,622.2539685362208,0.0,0.0,0,600.0000073012263,600.0000073016264,7.301226332856459e-06,7.301626396838401e-06,3.038324846294542e-06,3.038724249510337e-06
identity,uncoded,24000,20260826,600.0,452.8929,640.487281482482,452.9Hz_+50c,0,452.89290103640667,640.487278970144,452.89290103640246,640.4872789702938,452.89290103640667,640.487278970144,0.0,0.0,0,599.9999892473814,599.9999892478025,-1.075261855021381e-05,-1.075219745416689e-05,-6.790837633133049e-06,-6.790432655952848e-06
identity,uncoded,24000,20260826,600.0,452.8929,640.487281482482,452.9Hz_+50c,1,452.8929010507641,640.4872789716069,452.8929010509163,640.4872789714926,452.8929010507641,640.4872789716069,0.0,0.0,0,599.9999891964528,599.9999891955623,-1.0803547183968476e-05,-1.080443769296835e-05,-6.786883387509764e-06,-6.7871922618944725e-06
identity,uncoded,24000,20260826,650.0,440.0,640.4874004505624,440Hz_ongrid,0,439.99999892094155,640.4873979211957,439.99999892094144,640.4873979216068,439.99999892094155,640.4873979211957,0.0,0.0,0,649.9999974088231,649.9999974099348,-2.5911768943842617e-06,-2.590065150798182e-06,-6.836864913800728e-06,-6.835753773279227e-06
identity,uncoded,24000,20260826,650.0,440.0,640.4874004505624,440Hz_ongrid,1,439.9999989098768,640.4873979198369,439.9999989098768,640.4873979197106,439.9999989098768,640.4873979198369,0.0,0.0,0,649.9999974486859,649.9999974483444,-2.5513140826660674e-06,-2.551655597926583e-06,-6.84053757823333e-06,-6.840879127568516e-06
identity,uncoded,24000,20260826,650.0,452.8929,659.2549913716284,452.9Hz_+50c,0,452.89290104684494,659.2549924188467,452.8929010470035,659.2549924188329,452.89290104684494,659.2549924188467,0.0,0.0,0,649.9999987483608,649.9999987477188,-1.251639218935452e-06,-1.252281208508066e-06,2.750043370215765e-06,2.7500072355648596e-06
identity,uncoded,24000,20260826,650.0,452.8929,659.2549913716284,452.9Hz_+50c,1,452.8929010367615,659.2549924208405,452.89290103703064,659.25499242057,452.8929010367615,659.2549924208405,0.0,0.0,0,649.9999987921417,649.9999987904027,-1.2078583040420199e-06,-1.2095972579118097e-06,2.7552794348964555e-06,2.7545690430360996e-06
identity,uncoded,24000,20260826,700.0,440.0,659.2551138257398,440Hz_ongrid,0,439.9999989085184,659.2551148707593,439.9999989085183,659.2551148705314,439.9999989085184,659.2551148707593,0.0,0.0,0,700.0000070388369,700.0000070382391,7.038836884021293e-06,7.038239118628553e-06,2.744268745472092e-06,2.7436706016762475e-06
identity,uncoded,24000,20260826,700.0,440.0,659.2551138257398,440Hz_ongrid,1,439.99999890959754,659.2551148718658,439.9999989095976,659.2551148717816,439.99999890959754,659.2551148718658,0.0,0.0,0,700.0000070374969,700.0000070372757,7.037496857265069e-06,7.0372757363657e-06,2.747174509580564e-06,2.746953473152151e-06
identity,uncoded,24000,20260826,700.0,452.8929,678.5726371372033,452.9Hz_+50c,0,452.89290104101997,678.5726347173209,452.8929010410076,678.5726347170423,452.89290104101997,678.5726347173209,0.0,0.0,0,699.9999898467678,699.9999898461045,-1.0153232210541319e-05,-1.0153895459552587e-05,-6.1738163619860595e-06,-6.1745269460556704e-06
identity,uncoded,24000,20260826,700.0,452.8929,678.5726371372033,452.9Hz_+50c,1,452.8929010368306,678.5726347103896,452.8929010367737,678.5726347104738,452.8929010368306,678.5726347103896,0.0,0.0,0,699.9999898450986,699.9999898455309,-1.0154901360692747e-05,-1.015446912333573e-05,-6.191500045172632e-06,-6.191285159321988e-06
identity,uncoded,24000,20260826,750.0,440.0,678.5727631794939,440Hz_ongrid,0,439.99999890421793,678.5727607344649,439.9999989042178,678.5727607343663,439.99999890421793,678.5727607344649,0.0,0.0,0,749.9999980735174,749.9999980732664,-1.926482582348399e-06,-1.926733602886088e-06,-6.237971512944996e-06,-6.238222917857921e-06
identity,uncoded,24000,20260826,750.0,440.0,678.5727631794939,440Hz_ongrid,1,439.99999890679015,678.5727607337088,439.9999989067901,678.5727607333916,439.99999890679015,678.5727607337088,0.0,0.0,0,749.999998061468,749.9999980606589,-1.9385320229048375e-06,-1.9393411321289022e-06,-6.239900296049894e-06,-6.240709481587674e-06
identity,uncoded,24000,20260826,750.0,452.8929,698.4563331303959,452.9Hz_+50c,0,452.89290104338573,698.4563330191879,452.8929010431757,698.4563330192143,452.89290104338573,698.4563330191879,0.0,0.0,0,749.9999957358939,749.9999957367622,-4.2641061099857325e-06,-4.263237769919215e-06,-2.756466499033681e-07,-2.755811077970896e-07
identity,uncoded,24000,20260826,750.0,452.8929,698.4563331303959,452.9Hz_+50c,1,452.8929010383711,698.4563330186609,452.89290103834855,698.4563330188422,452.8929010383711,698.4563330186609,0.0,0.0,0,749.9999957537565,749.9999957542922,-4.2462435203560744e-06,-4.24570782797673e-06,-2.7695287909477215e-07,-2.7650350242474517e-07
identity,uncoded,24000,20260826,800.0,440.0,698.4564628660078,440Hz_ongrid,0,439.99999891234387,698.4564627285629,439.99999891234376,698.4564627285563,439.99999891234387,698.4564627285629,0.0,0.0,0,800.0000039388378,800.000003938822,3.938837835448794e-06,3.938822032978351e-06,-3.4067864254652964e-07,-3.406951722272926e-07
identity,uncoded,24000,20260826,800.0,440.0,698.4564628660078,440Hz_ongrid,1,439.99999891144546,698.4564627328817,439.99999891144535,698.4564627324231,439.99999891144546,698.4564627328817,0.0,0.0,0,800.0000039530778,800.0000039519415,3.953077793994453e-06,3.951941494051425e-06,-3.2997375219665785e-07,-3.3111045605748857e-07
identity,uncoded,24000,20260826,800.0,452.8929,718.9226658889285,452.9Hz_+50c,0,452.8929010412363,718.9226673018751,452.8929010412678,718.9226673019319,452.8929010412363,718.9226673018751,0.0,0.0,0,799.9999994222663,799.9999994222832,-5.777336582468706e-07,-5.777168325948878e-07,3.402509847403914e-06,3.4026466977838876e-06
identity,uncoded,24000,20260826,800.0,452.8929,718.9226658889285,452.9Hz_+50c,1,452.8929010498921,718.9226673015143,452.8929010504083,718.9226673011561,452.8929010498921,718.9226673015143,0.0,0.0,0,799.9999993883099,799.9999993854742,-6.116900976849138e-07,-6.14525788478204e-07,3.4016406937266063e-06,3.4007784594505334e-06
identity,uncoded,24000,20260826,850.0,440.0,718.922799426084,440Hz_ongrid,0,439.9999989081216,718.9228008399857,439.9999989081214,718.9228008405089,439.9999989081216,718.9228008399857,0.0,0.0,0,850.0000077009389,850.0000077021995,7.700938908783428e-06,7.702199468440085e-06,3.404809010669711e-06,3.4060687261055934e-06
identity,uncoded,24000,20260826,850.0,440.0,718.922799426084,440Hz_ongrid,1,439.99999891837274,718.9228008399238,439.99999891837274,718.9228008399011,439.99999891837274,718.9228008399238,0.0,0.0,0,850.0000076604553,850.0000076604008,7.660455253244436e-06,7.660400797249167e-06,3.4046598591319868e-06,3.404605272744469e-06
identity,uncoded,24000,20260826,850.0,452.8929,739.9887079731761,452.9Hz_+50c,0,452.89290103780746,739.9887090783797,452.8929010377867,739.9887090783213,452.89290103780746,739.9887090783797,0.0,0.0,0,849.9999986185335,849.9999986184763,-1.381466518068919e-06,-1.381523702548293e-06,2.585669149705317e-06,2.5855326837364584e-06
identity,uncoded,24000,20260826,850.0,452.8929,739.9887079731761,452.9Hz_+50c,1,452.8929010417546,739.9887090775858,452.8929010419712,739.9887090776048,452.8929010417546,739.9887090775858,0.0,0.0,0,849.9999986015878,849.9999986008042,-1.3984122233523522e-06,-1.3991957530379295e-06,2.583811674884118e-06,2.5838562665809853e-06
identity,uncoded,24000,20260826,900.0,440.0,739.9888454232688,440Hz_ongrid,0,439.9999989104475,739.9888465259098,439.9999989104474,739.9888465260359,439.9999989104475,739.9888465259098,0.0,0.0,0,900.0000068666517,900.000006866947,6.866651688142156e-06,6.8669470465465565e-06,2.5796734885326613e-06,2.5799687163188133e-06
identity,uncoded,24000,20260826,900.0,440.0,739.9888454232688,440Hz_ongrid,1,439.99999891937784,739.988846525792,439.9999989193779,739.9888465257488,439.99999891937784,739.988846525792,0.0,0.0,0,900.0000068312385,900.0000068311373,6.831238465565548e-06,6.8311372842799756e-06,2.579397865716684e-06,2.5792971499875538e-06
identity,uncoded,24000,20260826,900.0,452.8929,761.672032207718,452.9Hz_+50c,0,452.8929010489228,761.6720308364274,452.8929010487754,761.672030836338,452.8929010489228,761.6720308364274,0.0,0.0,0,899.9999928735149,899.9999928738749,-7.126485115804826e-06,-7.1261250695897616e-06,-3.1168596715227744e-06,-3.117063025037603e-06
identity,uncoded,24000,20260826,900.0,452.8929,761.672032207718,452.9Hz_+50c,1,452.8929010539928,761.6720308370799,452.8929010537951,761.6720308368494,452.8929010539928,761.6720308370799,0.0,0.0,0,899.9999928556173,899.9999928558493,-7.144382720980502e-06,-7.144150686144712e-06,-3.115376613185899e-06,-3.115900565625806e-06
identity,uncoded,24000,20260826,950.0,440.0,761.6721736854058,440Hz_ongrid,0,439.9999989180702,761.6721723098605,439.9999989180704,761.6721723102278,439.9999989180702,761.6721723098605,0.0,0.0,0,950.0000011304554,950.0000011312897,1.1304554163871217e-06,1.1312896504023229e-06,-3.1265301114013984e-06,-3.1256951703159366e-06
identity,uncoded,24000,20260826,950.0,440.0,761.6721736854058,440Hz_ongrid,1,439.9999989085951,761.6721723092787,439.99999890859516,761.6721723092571,439.9999989085951,761.6721723092787,0.0,0.0,0,950.0000011664142,950.000001166365,1.1664142220979556e-06,1.1663649956972222e-06,-3.127852293658971e-06,-3.127901498290159e-06
identity,uncoded,24000,20260826,950.0,452.8929,783.990726340198,452.9Hz_+50c,0,452.8929010511376,783.990725340306,452.8929010511163,783.9907253402348,452.8929010511376,783.990725340306,0.0,0.0,0,949.999993773914,949.999993773838,-6.226086043170653e-06,-6.226161985978251e-06,-2.2079943941127952e-06,-2.208151426080213e-06
identity,uncoded,24000,20260826,950.0,452.8929,783.990726340198,452.9Hz_+50c,1,452.8929010466286,783.9907253420657,452.8929010465389,783.9907253420243,452.8929010466286,783.9907253420657,0.0,0.0,0,949.9999937950358,949.9999937952874,-6.204964165590354e-06,-6.204712576618476e-06,-2.2041083814845956e-06,-2.2041996791400707e-06
identity,uncoded,24000,20260826,1000.0,440.0,783.9908719634985,440Hz_ongrid,0,439.9999989118039,783.9908709617622,439.9999989118038,783.9908709619549,439.9999989118039,783.9908709617622,0.0,0.0,0,1000.0000020695745,1000.0000020700004,2.069574520646711e-06,2.070000391540816e-06,-2.2120666539581734e-06,-2.2116411107808627e-06
identity,uncoded,24000,20260826,1000.0,440.0,783.9908719634985,440Hz_ongrid,1,439.9999989134086,783.99087096156,439.99999891340855,783.990870961715,439.9999989134086,783.99087096156,0.0,0.0,0,1000.000002062814,1000.0000020631567,2.0628140191547573e-06,2.0631566712836502e-06,-2.2125133397504362e-06,-2.2121708293882106e-06
identity,uncoded,24000,20260826,1000.0,452.8929,806.9634081297218,452.9Hz_+50c,0,452.8929010514091,806.9634103691498,452.8929010512554,806.9634103693976,452.8929010514091,806.9634103691498,0.0,0.0,0,1000.0000007852691,1000.0000007863883,7.852690941945184e-07,7.863883411118877e-07,4.804398604300039e-06,4.804930629372317e-06
identity,uncoded,24000,20260826,1000.0,452.8929,806.9634081297218,452.9Hz_+50c,1,452.8929010454083,806.96341037009,452.8929010454026,806.9634103703851,452.8929010454083,806.96341037009,0.0,0.0,0,1000.000000810225,1000.0000008108801,8.102249466901412e-07,8.108801239359309e-07,4.8064159941694824e-06,4.807049119381939e-06
identity,uncoded,24000,20260826,1050.0,440.0,806.9635580201107,440Hz_ongrid,0,439.99999890860704,806.9635602418039,439.99999890860715,806.9635602416574,439.99999890860704,806.9635602418039,0.0,0.0,0,1050.00000906057,1050.0000090602553,9.06056993699167e-06,9.060255251824856e-06,4.766350354585859e-06,4.7660359062411115e-06
identity,uncoded,24000,20260826,1050.0,440.0,806.9635580201107,440Hz_ongrid,1,439.99999891979564,806.9635602428042,439.9999989197956,806.963560242975,439.99999891979564,806.9635602428042,0.0,0.0,0,1050.000009018693,1050.0000090190595,9.018692935569561e-06,9.019059461934376e-06,4.768496137789265e-06,4.768862481643233e-06
identity,uncoded,24000,20260826,1050.0,452.8929,830.6092408773777,452.9Hz_+50c,0,452.8929010511366,830.6092423930937,452.8929010510815,830.6092423931491,452.8929010511366,830.6092423930937,0.0,0.0,0,1049.99999914111,1049.9999991414365,-8.588899618189316e-07,-8.585634532209951e-07,3.159197944427796e-06,3.159313652192903e-06
identity,uncoded,24000,20260826,1050.0,452.8929,830.6092408773777,452.9Hz_+50c,1,452.8929010395824,830.6092423931708,452.89290103959365,830.6092423931553,452.8929010395824,830.6092423931708,0.0,0.0,0,1049.9999991854381,1049.9999991853629,-8.145618721755454e-07,-8.146371328621171e-07,3.159358628300934e-06,3.1593267221730142e-06
identity,uncoded,24000,20260826,1100.0,440.0,830.6093951598903,440Hz_ongrid,0,439.99999890861096,830.6093966711155,439.9999989086111,830.6093966712524,439.99999890861096,830.6093966711155,0.0,0.0,0,1100.0000074440418,1100.0000074443267,7.444041784765432e-06,7.444326683980762e-06,3.1498375322007046e-06,3.150122765296085e-06
identity,uncoded,24000,20260826,1100.0,440.0,830.6093951598903,440Hz_ongrid,1,439.9999989063575,830.6093966680701,439.9999989063576,830.6093966679028,439.9999989063575,830.6093966680701,0.0,0.0,0,1100.0000074465606,1100.0000074462118,7.446560630341992e-06,7.446211839123862e-06,3.1434897503893424e-06,3.14314147386048e-06
identity,uncoded,24000,20260826,1100.0,452.8929,854.9479494118378,452.9Hz_+50c,0,452.8929010465238,854.9479515326068,452.892901046527,854.9479515325786,452.8929010465238,854.9479515326068,0.0,0.0,0,1100.000000294014,1100.0000002939446,2.940139438578626e-07,2.9394459488685243e-07,4.294469102128013e-06,4.294411824862267e-06
identity,uncoded,24000,20260826,1100.0,452.8929,854.9479494118378,452.9Hz_+50c,1,452.8929010529824,854.947951535299,452.8929010529226,854.947951534967,452.8929010529824,854.947951535299,0.0,0.0,0,1100.0000002747768,1100.0000002743334,2.747767666733125e-07,2.743333880061982e-07,4.299920437064554e-06,4.299248486322782e-06
identity,uncoded,24000,20260826,1150.0,440.0,854.9481082151732,440Hz_ongrid,0,439.9999989153533,854.9481103437384,439.99999891535344,854.9481103436026,439.9999989153533,854.9481103437384,0.0,0.0,0,1150.000008577931,1150.0000085776555,8.577931112085935e-06,8.577655535191298e-06,4.310255331625462e-06,4.309980093220939e-06
identity,uncoded,24000,20260826,1150.0,440.0,854.9481082151732,440Hz_ongrid,1,439.99999891185706,854.9481103441838,439.99999891185706,854.9481103441194,439.99999891185706,854.9481103441838,0.0,0.0,0,1150.0000085925892,1150.0000085924587,8.592589210820734e-06,8.59245869833103e-06,4.31115716025257e-06,4.3110268448627194e-06
identity,uncoded,24000,20260826,1150.0,452.8929,879.9998365433718,452.9Hz_+50c,0,452.8929010488605,879.9998344314192,452.89290104881565,879.9998344314441,452.8929010488605,879.9998344314192,0.0,0.0,0,1149.9999918357435,1149.999991835964,-8.164256541931536e-06,-8.164035989466356e-06,-4.154869039023349e-06,-4.154820218803314e-06
identity,uncoded,24000,20260826,1150.0,452.8929,879.9998365433718,452.9Hz_+50c,1,452.8929010396666,879.9998344319196,452.89290103974935,879.9998344321033,452.8929010396666,879.9998344319196,0.0,0.0,0,1149.9999918718727,1149.9999918719177,-8.128127319650957e-06,-8.12808229966322e-06,-4.153884754193426e-06,-4.153523407682928e-06
identity,uncoded,24000,20260826,1200.0,440.0,880.0,440Hz_ongrid,0,439.9999989162072,879.999997945717,439.99999891620723,879.9999979457173,439.9999989162072,879.999997945717,0.0,0.0,0,1200.0000002229017,1200.000000222902,2.2290168999461457e-07,2.2290191736829001e-07,-4.04141430736565e-06,-4.041413922954468e-06
identity,uncoded,24000,20260826,1200.0,440.0,880.0,440Hz_ongrid,1,439.9999989209497,879.9999979458689,439.99999892094957,879.999997945869,439.9999989209497,879.9999979458689,0.0,0.0,0,1200.0000002045406,1200.0000002045415,2.0454058358154725e-07,2.0454149307624903e-07,-4.041115427672146e-06,-4.0411152354665555e-06
identity,uncoded,24000,20260826,1200.0,452.8929,905.7858,452.9Hz_+50c,0,452.8929010355122,905.7857981457763,452.89290103526474,905.7857981458843,452.8929010355122,905.7857981457763,0.0,0.0,0,1199.999992497649,1199.9999924988012,-7.502351081711822e-06,-7.501198751924676e-06,-3.5439893140529792e-06,-3.5437828852486507e-06
identity,uncoded,24000,20260826,1200.0,452.8929,905.7858,452.9Hz_+50c,1,452.8929010403584,905.7857981466665,452.892901040248,905.7857981464766,452.8929010403584,905.7857981466665,0.0,0.0,0,1199.999992480825,1199.9999924808842,-7.519174914705218e-06,-7.5191157975496026e-06,-3.5422879101647906e-06,-3.5426507943198854e-06
